A|XLV|f|5284|32.87|101514250
AA|XLB|f|5284|39.73|197620514
AAAB|XLF|t|732|15.30|162088
AAAGY|XLV|t|1812|20.31|467248
AAAP|XLV|t|531|43.05|11220210
AABA|XLI|t|4969|28.71|503216071
AABC|XLF|t|960|10.68|51504
AACC|XLF|t|2355|10.44|1704966
AACE|XLF|t|1687|17.42|1273841
AADI|XLV|f|812|34.05|812265
AAI|XLI|t|2850|8.16|14785940
AAIC|XLF|f|5284|19.62|1996899
AAII|XLI|t|1552|8.99|3937467
AAL|XLI|f|3843|25.27|234195297
AAMC|XLRE|f|1893|110.74|2787694
AAMI|XLF|f|1569|12.63|6039968
AANB|XLF|t|2233|11.39|37702
AAOI|XLK|f|1830|22.09|30854730
AAON|XLI|f|5283|9.54|2558138
AAP|XLY|f|4806|69.97|78324037
AAPC|XLF|t|356|10.52|232172
AAPL|XLK|f|5284|17.22|3956603309
AAT|XLRE|f|2509|23.28|5673498
AATI|XLK|t|1621|6.39|2961888
AAU|XLB|f|4213|1.38|309762
AAV|XLE|t|3638|6.58|2642149
AAVL|XLI|t|378|5.69|4641069
AAWHQ|XLI|t|1117|14.19|3212701
AAWW|XLI|f|4079|44.37|12974426
AB|XLF|f|5284|9.85|3241094
ABAC|XLB|t|2112|6.00|95824
ABAX|XLV|t|4673|26.21|5111811
ABBC|XLF|t|1705|9.31|616853
ABBK|XLF|t|979|20.13|206650
ABBV|XLV|f|2030|48.88|388468107
ABC|XLV|f|5284|38.92|89269468
ABCB|XLF|f|5249|17.56|3070289
ABCD|XLC|t|2257|4.10|459263
ABCO|XLI|t|4033|30.06|8134247
ABCR|XLI|t|446|5.41|306384
ABCW|XLF|t|378|38.65|1907297
ABDC|XLI|t|1443|7.66|423908
ABDS|XLB|t|2368|185.03|196971
ABEOW|XLV|t|717|4.61|26127
ABEV|XLP|f|4175|2.53|29744174
ABF|XLI|t|1419|15.07|34028
ABFIQ|XLF|t|1613|6.30|215927
ABFS|XLI|t|3603|27.08|11590426
ABG|XLY|f|4735|38.53|10200046
ABGB|XLI|t|635|13.80|817483
ABGBY|XLI|t|646|14.06|830099
ABGX|XLV|t|1570|22.88|40091289
ABII|XLV|t|736|55.32|2883259
ABIL|XLI|t|1003|21.23|2218447
ABIO|XLV|f|4460|215640.91|1298969
ABIX|XLI|t|2365|6.10|590779
ABM|XLI|f|5284|18.14|5674169
ABMD|XLV|f|5282|64.82|36556457
ABN|XLI|t|3468|11.15|37942
ABNJ|XLF|t|909|10.69|322910
ABR|XLRE|f|4214|3.09|1709767
ABRN|XLF|t|958|24.98|250736
ABRX|XLV|t|1664|9.66|29686066
ABSC|XLI|t|389|45.15|23149182
ABST|XLK|f|3028|5.13|135342
ABT|XLV|f|5284|27.49|236102036
ABTC|XLF|f|614|16878.76|2279385
ABTL|XLI|t|4468|15.67|1337134
ABTX|XLF|f|1318|31.49|2353380
ABUS|XLV|f|2544|6.01|6761834
ABVA|XLF|t|2386|8.62|71440
ABVT|XLC|t|1462|40.71|6446923
ABWTQ|XLB|t|2752|28.59|10634380
ABY|XLU|t|558|13.18|6830919
AC|XLF|f|1286|32.55|522013
ACA|XLI|f|547|37.56|13690359
ACAD|XLV|f|4177|17.13|27400705
ACAM|XLY|f|294|10.09|3243872
ACAMY|XLV|t|1384|8.57|636555
ACAP|XLF|t|2464|21.29|1041094
ACAS|XLI|t|4278|12.71|25502847
ACBA|XLF|f|1850|8.84|74911
ACBI|XLF|f|1301|16.43|1647363
ACC|XLF|f|4127|25.34|20028685
ACDO|XLV|t|1416|22.74|19350624
ACEC|XLK|t|2158|2.27|161272
ACEL|XLY|f|688|10.25|2769468
ACEL-WS|XLI|f|659|9.27|2670692
ACETQ|XLI|t|4921|8.30|1558501
ACF|XLF|t|3134|20.02|25098427
ACFC|XLF|t|3233|115.90|421114
ACGL|XLF|f|5274|13.38|23441446
ACGLP|XLF|f|1076|20.53|1557870
ACGN|XLV|f|5255|647.66|48400893
ACHC|XLV|f|5245|21.14|13858815
ACHI|XLI|t|377|2.63|42807
ACIA|XLK|f|1168|55.42|54131857
ACIC|XLF|f|2353|10.19|1516799
ACIW|XLK|f|5284|13.44|10332175
ACKH|XLB|t|1990|3.33|1025627
ACLA|XLV|t|1188|8.85|2740482
ACLI|XLI|t|1311|60.45|13702228
ACLS|XLK|f|5153|20.69|6069705
ACM|XLI|f|3437|28.95|31062327
ACME|XLC|t|3211|5.05|234158
ACMM|XLI|t|882|0.37|27351
ACMR|XLK|f|795|9.30|9587799
ACN|XLK|f|4895|61.40|160791316
ACNAQ|XLY|t|1161|3.41|70474
ACNB|XLF|f|4602|12.92|88832
ACO|XLB|t|3610|21.72|3676583
ACOM|XLK|t|792|26.11|19583088
ACOR|XLV|f|3748|2715.13|575557728
ACPW|XLU|t|4211|80.50|8619310
ACRTQ|XLF|t|929|15.29|3072241
ACSF|XLI|t|1161|9.62|570938
ACST|XLV|f|2087|284.51|966051
ACTA|XLK|t|4603|68.68|14900333
ACTM|XLK|t|496|25.15|12675906
ACTRQ|XLV|t|949|6.78|2398708
ACVC|XLI|t|283|15.40|3659565
ACW|XLY|t|1692|18.41|3339133
ACX|XLI|t|535|10.50|826309
ACXM|XLK|t|4717|19.90|13086917
AD|XLC|f|5284|23.54|2924547
ADAM|XLRE|f|4111|8.23|2105584
ADAP|XLV|f|1426|7.22|4581937
ADAPQ|XLI|t|344|25.21|18026426
ADBE|XLK|f|5284|82.78|312434702
ADC|XLRE|f|5283|17.53|3803441
ADD|XLY|f|365|188767.03|2428380
ADEA|XLK|f|4313|5.97|7874765
ADELQ|XLC|t|1783|12.01|26391014
ADEP|XLI|t|3935|17.03|888051
ADES|XLB|f|4310|6.82|869755
ADGE|XLU|t|2273|1.57|53954
ADGF|XLY|t|3082|4.80|65964
ADHD|XLV|t|1133|55.48|10005721
ADI|XLK|f|5284|40.12|120647738
ADIC|XLK|t|1670|12.25|10288328
ADILW|XLV|f|343|0.39|6169
ADLTQ|XLI|t|988|4.51|1005472
ADM|XLP|f|5284|21.58|89203795
ADMA|XLV|f|1782|5.80|2188939
ADMGQ|XLB|t|1384|0.50|10500
ADMS|XLV|f|1695|15.05|7022913
ADN|XLK|f|370|310.51|3038666
ADNC|XLK|t|789|10.54|2083390
ADNT|XLY|f|1059|40.03|49211465
ADP|XLK|f|5284|48.55|114443652
ADPT|XLV|f|383|38.00|35827664
ADRA|XLI|f|801|30.81|50631
ADRO|XLV|t|1378|49.68|23940685
ADRX|XLV|t|1722|34.81|43871116
ADS|XLF|f|4923|84.53|65504236
ADSC|XLK|t|868|3.27|89696
ADSK|XLK|f|5284|54.95|130936636
ADSP|XLK|t|447|2.59|1434016
ADSW|XLU|f|1024|26.89|23232111
ADT|XLI|f|744|6.28|21799790
ADTN|XLK|f|5284|16.40|14587229
ADUS|XLV|f|2812|32.86|3518290
ADVNQ|XLF|t|2630|10.79|443746
ADVP|XLV|t|1061|28.27|48959491
ADVS|XLK|t|3901|21.00|11250839
ADY|XLP|t|2006|12.93|1613507
ADYN|XLF|t|628|5.07|46090
ADZA|XLV|t|580|16.79|2774152
AE|XLI|f|5205|21.61|198679
AEB|XLF|f|3801|15.46|423359
AED|XLI|t|3396|15.41|641045
AEE|XLU|f|5284|27.26|37898824
AEG|XLF|f|5284|4.72|3800045
AEGN|XLI|f|5284|20.83|4929361
AEGR|XLV|t|1536|25.47|16076454
AEH|XLI|t|3615|15.34|1176942
AEHR|XLK|f|5021|3.14|145499
AEIS|XLI|f|5284|27.74|11102628
AEK|XLF|t|1554|27.33|1479379
AEL|XLF|f|4299|15.61|9059133
AEM|XLB|f|5284|29.14|61935165
AEN|XLV|t|1251|10.53|1606918
AEO|XLY|f|5284|9.62|46113291
AEP|XLU|f|5284|29.07|77352015
AEPI|XLB|t|4286|36.30|1406838
AEPPL|XLU|f|454|45.75|7597859
AER|XLI|f|3552|28.29|34981868
AERI|XLV|f|1809|30.79|18541257
AES|XLU|f|5284|10.44|46910907
AESK|XLC|t|549|1.59|67936
AESP|XLK|t|1605|1.19|106134
AET|XLF|t|4757|53.04|157263741
AETC|XLI|t|1297|3.89|133308
AEUA|XLI|t|753|36.99|1870955
AEZS|XLB|f|3833|59915.60|1526470
AF|XLF|t|4465|12.62|10262732
AFA|XLF|t|390|25.54|178934
AFAM|XLV|t|4425|20.16|2441866
AFBC|XLF|t|701|14.09|23263
AFBK|XLI|t|636|11.26|80908
AFC|XLI|f|3453|15.10|245806
AFCB|XLF|t|1122|20.19|64831
AFCI|XLI|t|1234|23.98|49240109
AFCO|XLK|t|324|6.64|879831
AFFX|XLV|t|4086|19.93|28359243
AFG|XLF|f|5284|21.04|8170566
AFH|XLF|f|1979|11.23|826346
AFI|XLB|f|1197|12.42|2469894
AFIN|XLF|f|619|8.27|5643044
AFINP|XLF|f|450|20.08|1104949
AFL|XLF|f|5284|19.71|91364046
AFOP|XLK|t|3903|7.76|1802319
AFREZ|XLRE|t|841|7.28|85091
AFSD|XLF|t|1294|24.96|1172893
AFSI|XLF|t|3032|12.29|9049991
AFSS|XLF|t|915|22.37|498038
AFST|XLF|t|854|23.00|477128
AFW|XLF|t|1264|24.39|478010
AFWY|XLI|t|280|18.48|4666273
AFX|XLI|t|3726|21.03|4489378
AFYA|XLP|f|368|23.44|6642930
AG|XLB|f|4146|7.56|16798044
AGAM|XLV|t|307|14.39|7538056
AGCH|XLI|t|305|14.04|606739
AGCO|XLI|f|5284|32.24|35734235
AGCX|XLC|t|345|4.51|3872087
AGE|XLV|f|526|76.78|70439658
AGFS|XLB|f|1586|5.57|886049
AGFSW|XLB|t|1280|0.64|25464
AGI|XLB|f|4210|7.62|5386709
AGIIL|XLF|t|1178|46.39|1586043
AGIO|XLV|f|1875|57.65|34800787
AGLE|XLV|f|1194|177.38|1083783
AGM|XLF|f|5283|23.64|1384490
AGMA|XLF|f|3317|19.49|19690
AGN|XLV|t|5118|93.40|249340735
AGNC|XLRE|f|3181|5.13|25295914
AGNCB|XLF|t|1397|20.76|497845
AGNCM|XLRE|f|466|14.58|1006861
AGNT|XLV|t|1544|4.31|3999056
AGO|XLF|f|4203|19.98|23466956
AGP|XLF|t|2802|32.30|26335367
AGRO|XLP|f|2499|7.58|2879980
AGS|XLY|f|739|15.62|5845149
AGTC|XLV|f|1705|9.56|1690857
AGU|XLB|t|4528|47.55|62424627
AGX|XLI|f|4058|19.53|2431594
AGY|XLC|t|1446|28.33|8159268
AGYS|XLK|f|5284|12.46|1964720
AHCI|XLV|t|2876|3.48|345317
AHCO|XLV|f|486|15.58|4512915
AHG|XLV|f|795|12.70|1190001
AHGP|XLB|t|3036|22.81|1594339
AHH|XLRE|f|1927|7.31|1955965
AHLS|XLI|t|898|5.04|405496
AHM|XLF|t|1070|45.44|869976
AHNA|XLI|t|2506|0.49|26422
AHOM|XLV|t|2501|1.22|109256
AHPA|XLI|f|260|9.97|956846
AHPAW|XLI|f|272|0.37|17554
AHWY|XLK|t|259|3.14|376097
AIC|XLF|f|1356|15.53|60918
AICOQ|XLI|t|1355|5.04|123173
AICX|XLV|t|1721|6.69|2514376
AIG|XLF|f|5284|346.20|310562383
AIH|XLI|f|298|6.58|580908
AIII|XLF|t|3322|3.44|17114
AIK|XLF|t|2410|0.42|33235
AIKI|XLF|f|3520|312316.12|10532760367
AILP|XLI|t|425|2.26|1531704
AIMC|XLI|f|3535|22.96|6750609
AIMCV|XLI|t|2965|22.40|3999908
AIMM|XLV|t|2635|1.20|134427
AIMT|XLV|t|1305|22.64|17661392
AIN|XLY|f|5284|28.49|4574164
AINC|XLI|f|1457|54.48|489039
AIND|XLI|t|480|16.69|1482837
AINV|XLI|f|4213|14.93|13219295
AIOT|XLK|f|5251|7.38|466887
AIPC|XLP|t|2653|25.79|6400420
AIPT|XLV|f|2364|25241.67|3745795344
AIR|XLI|f|5284|21.11|6409623
AIRM|XLI|t|4350|16.96|5952942
AIRTW|XLI|f|322|0.06|21768
AIRV|XLI|t|686|6.02|1256533
AIT|XLI|f|5284|27.32|6166261
AITB|XLV|t|458|4.69|55836
AIU|XLY|f|697|900.36|1654269
AIV|XLRE|f|5284|1.86|14683071
AIW|XLF|f|1543|17.71|50587
AIXG|XLI|t|2974|12.97|3035883
AIY|XLI|t|1540|25.20|354418
AIZ|XLF|f|4257|50.15|34994567
AIZP|XLF|f|682|103.47|2283329
AJG|XLF|f|5284|30.82|25324078
AJRD|XLI|f|5284|14.62|8548250
AJXA|XLF|f|850|17.19|224160
AK|XLI|t|614|13.67|854135
AKAM|XLK|f|5284|44.18|114032462
AKAO|XLV|t|1289|9.50|7216732
AKCA|XLV|t|816|21.64|7417361
AKG|XLB|t|3671|2.90|867804
AKLM|XLK|t|1258|1.92|2992379
AKR|XLRE|f|5271|12.03|4562863
AKRO|XLV|f|388|25.08|5340632
AKRX|XLV|t|3947|13.36|14659186
AKS|XLB|t|5080|10.75|61271624
AKSO|XLI|f|1526|35.50|43007954
AKU|XLV|f|375|3.27|92394
AL|XLI|f|2443|28.73|21960648
ALA|XLI|t|3676|22.30|404974
ALAC|XLI|f|323|10.39|565366
ALACR|XLI|f|277|0.24|17632
ALACW|XLI|f|372|0.18|53449
ALB|XLB|f|5284|40.31|45003254
ALC|XLV|f|438|57.60|72762535
ALCD|XLB|t|1112|20.05|112887
ALCS|XLY|t|3702|14.76|105764
ALDN|XLK|t|2312|13.42|2078856
ALDR|XLV|t|1374|20.73|19237401
ALDW|XLE|t|1312|12.53|2937614
ALE|XLU|f|5283|27.37|6223886
ALEX|XLRE|f|2147|17.39|4331412
ALFC|XLF|t|717|20.40|117376
ALG|XLI|f|5213|38.58|1843388
ALGI|XLY|t|2196|6.35|23963
ALGN|XLV|f|5015|70.84|67973970
ALGR|XLF|t|294|9.97|987200
ALGT|XLI|f|3540|87.24|15570996
ALGXQ|XLC|t|1126|16.36|18389048
ALI|XLI|t|766|1.32|163992
ALJ|XLE|t|3003|12.44|7029774
ALK|XLI|f|5284|26.24|43224219
ALKS|XLV|f|5283|26.59|28838950
ALL|XLF|f|5284|40.01|107007009
ALLB|XLF|t|2717|13.52|93162
ALLE|XLI|f|1793|70.06|50782290
ALLI|XLI|t|1149|7.50|1005590
ALLK|XLV|f|619|65.38|23695657
ALLP|XLV|t|2235|8.35|807394
ALLY|XLF|f|1702|18.63|74600628
ALNA|XLV|f|796|6.08|1103798
ALNC|XLF|t|2979|28.03|189271
ALNT|XLK|f|5183|8.45|572989
ALNY|XLV|f|4178|49.19|37562252
ALOG|XLV|t|4648|55.42|5063954
ALPA|XLB|f|372|20.55|641892
ALRM|XLK|f|1390|40.81|17848124
ALRN|XLV|f|884|74.86|536596
ALRS|XLF|f|2088|11.92|123005
ALSK|XLC|f|5282|3.78|1340058
ALSM|XLK|t|345|4.05|226906
ALSN|XLY|f|2215|28.76|34669687
ALTH|XLV|t|3130|5.04|2876709
ALTM|XLB|f|560|2.70|17516973
ALTR|XLK|f|797|35.34|11749940
ALTUQ|XLV|t|964|8.84|1489566
ALTV|XLC|t|3723|15.16|142503
ALV|XLY|f|5284|34.89|20765186
ALVU|XLK|f|686|5.95|51884
ALX|XLRE|f|5218|121.28|919036
ALXA|XLV|t|2589|28.04|6377320
ALXN|XLV|f|5284|63.81|117259836
ALYA|XLK|f|5227|399.69|37898447
ALYS|XLK|t|264|4.15|359206
AM|XLE|f|923|6.16|14042050
AMAG|XLV|t|5204|22.45|12069911
AMAL|XLF|f|612|13.78|1114330
AMAP|XLK|t|1018|14.66|4911792
AMARQ|XLV|t|3005|0.46|16947
AMAT|XLK|f|5284|20.41|361659372
AMBA|XLK|f|2070|46.44|62206551
AMC|XLC|f|1772|154.25|20769827
AMCC|XLK|t|4294|82.06|249476994
AMCIW|XLK|f|311|0.54|402374
AMCR|XLY|f|802|35.50|28490678
AMD|XLK|f|5283|15.03|536550151
AME|XLI|f|5284|30.99|38477327
AMED|XLV|f|5272|42.72|17726022
AMES|XLY|t|412|8.12|6144450
AMG|XLF|f|5284|98.09|47401095
AMGIA|XLC|t|759|10.68|154347
AMGN|XLV|f|5284|74.14|382786570
AMGP|XLU|t|466|17.01|12745866
AMH|XLRE|f|1869|17.64|33635970
AMHNE|XLY|t|515|3.62|68024
AMI|XLV|t|1125|6.82|1582494
AMIS|XLK|t|1123|12.13|4291241
AMKR|XLK|f|5284|9.11|15328800
AMLN|XLV|t|3169|21.30|45630848
AMMA|XLK|t|584|397.60|59106720
AMMD|XLV|t|2726|14.93|11257315
AMN|XLV|f|4817|21.39|9936990
AMOT|XLV|f|5183|8.28|438502
AMOV|XLC|f|4971|11.24|107108
AMP|XLF|f|3851|70.28|88418808
AMPH|XLV|f|1643|16.95|4373130
AMR|XLB|f|1074|42.72|3148787
AMRC|XLI|f|2631|11.67|2004352
AMRHW|XLV|t|472|0.17|9446
AMRX|XLV|f|3011|19.53|16772512
AMSC|XLI|f|5284|107.66|7305686
AMSF|XLF|f|3805|21.82|2018215
AMSG|XLV|t|4251|27.97|11241616
AMSWA|XLK|f|5284|5.32|497711
AMSY|XLK|t|1088|19.13|6024225
AMT|XLRE|f|5284|56.32|128660361
AMWD|XLY|f|5282|39.98|5223064
AMX|XLC|f|5007|363.45|6314482734
AMXC|XLK|t|1322|8.00|1402504
AMZN|XLY|f|5284|23.61|2216358471
AN|XLY|f|5284|30.52|34942184
ANAB|XLV|f|990|33.15|17116854
ANAD|XLK|t|4075|7.38|7908823
ANCI|XLV|t|667|3.46|120260
ANCN|XLV|f|472|40.62|12240882
ANDA|XLP|f|473|151.32|5582451
ANDAR|XLP|f|536|0.51|16508
ANDAU|XLP|f|268|10.47|275195
ANDAW|XLP|f|529|0.49|28850
ANDE|XLP|f|5249|18.54|5108042
ANDS|XLV|t|1928|4.44|1285074
ANDV|XLE|t|4716|32.81|99691506
ANDW|XLB|t|2008|14.98|27438812
ANET|XLK|f|1656|10.23|140496373
ANF|XLY|f|5284|26.52|66619757
ANFI|XLP|t|2010|189.56|11194802
ANGI|XLC|f|2295|119.06|13396516
ANIP|XLV|f|4782|90.72|4011327
ANLY|XLK|t|3458|12.45|201694
ANN|XLY|t|3934|24.82|37067271
ANOR|XLV|t|254|6.99|1951781
ANPIQ|XLV|t|2828|9.48|5673557
ANR|XLB|t|2620|24.30|109178803
ANRZ|XLB|t|2880|22.12|100903982
ANSI|XLV|t|1485|26.25|8122905
ANSS|XLK|f|5284|69.47|34416144
ANST|XLK|t|2157|12.99|2048839
ANSW|XLK|t|1636|9.34|1636530
ANT|XLK|t|1070|34.59|12975200
ANTE|XLV|f|3311|77.34|1485611
ANTVY|XLC|t|713|9.34|255910
AOG|XLE|t|442|31.63|2534064
AOGSQ|XLE|t|866|1.22|471478
AOL|XLK|t|1402|30.84|47645326
AOLAQ|XLK|t|1487|1.84|793041
AON|XLF|f|5284|62.79|90452317
AORGB|XLY|t|633|50.42|116223
AORT|XLV|f|5284|12.52|2220268
AOS|XLI|f|5284|16.36|22299754
AOSL|XLK|f|2689|11.83|1301341
AOT|XLV|t|1150|22.36|12706089
APA|XLE|f|5284|44.13|165423852
APAGF|XLE|t|3231|22.16|448796
APAM|XLF|f|1971|15.94|6009693
APCFY|XLB|t|1063|4.39|9279
APCS|XLC|t|2334|8.09|13182041
APD|XLB|f|5284|77.53|100378849
APEI|XLP|f|3309|32.80|4984337
APEN|XLV|f|3497|66.74|129742
APFC|XLB|t|3484|10.79|355747
APG|XLI|f|354|9.48|12557619
APH|XLK|f|5284|8.17|51248517
APHA|XLV|f|1271|5.84|19912849
APHT|XLV|t|1733|9.04|854263
APIC|XLK|t|392|11.00|2992594
APKT|XLK|t|1624|22.97|41618760
APL|XLU|t|3952|18.37|5476574
APLE|XLRE|f|1418|10.81|14822427
APLP|XLU|t|2901|12.90|1688184
APMC|XLK|t|1126|2.77|124249
APO|XLF|f|2457|17.83|23413199
APOG|XLI|f|5284|18.16|4326223
APOL|XLY|t|4298|41.38|102872658
APOP|XLV|f|1105|11285.61|1539589651
APPF|XLK|f|1390|63.36|8473333
APPN|XLK|f|908|41.33|34384221
APQCF|XLB|t|1051|0.31|13145
APRN|XLY|f|884|318.33|11271136
APRS|XLK|t|1449|5.07|945253
APS|XLB|t|333|0.87|29626
APTI|XLK|t|1241|16.39|7906940
APTV|XLY|f|2295|61.34|119549212
APTX|XLV|f|638|8.11|2326387
APU|XLY|t|4940|18.74|3974944
AQ|XLK|t|470|11.80|5211036
AQN|XLU|f|2726|5.17|1376156
AQNA|XLU|f|552|20.68|787678
AR|XLE|f|1820|23.69|61168245
ARA|XLV|f|1184|14.39|2490526
ARBA|XLK|t|3208|67.48|2795439548
ARCB|XLI|f|5284|24.71|9206420
ARCC|XLF|f|4090|4.74|8735859
ARCE|XLY|f|571|39.35|8173411
ARCL|XLY|t|627|11.52|1124027
ARCO|XLY|f|2446|7.69|8297415
ARDI|XLK|t|1603|6.04|3399643
ARDM|XLV|t|4681|68627.81|106383357
ARDNA|XLP|t|3316|67.09|141022
ARDX|XLV|f|1647|9.29|2748898
ARE|XLRE|f|5284|51.29|27507877
ARES|XLF|f|1680|16.75|7957158
AREX|XLE|t|3023|12.12|6654449
ARGSQ|XLV|t|1401|73.89|11144099
ARGX|XLV|f|909|122.30|21218785
ARGY|XLY|t|441|7.26|128549
ARI|XLRE|f|2837|5.03|4256780
ARIA|XLV|t|4308|7.33|24238268
ARIS|XLB|f|2302|47.50|35698
ARKO|XLY|f|493|9.22|3190502
ARKOW|XLP|f|263|1.26|79152
ARLO|XLI|f|608|5.93|7162338
ARLP|XLE|f|5284|5.75|1596692
ARLZ|XLV|t|639|2.66|2173007
ARMK|XLI|f|1776|21.99|58751015
ARMN|XLB|f|2302|74.62|56074
ARNC|XLB|f|1049|22.94|95455580
ARO|XLY|t|3508|13.15|31075618
AROW|XLF|f|5279|11.49|322796
ARR|XLRE|f|3187|31.38|3242761
ARS|XLB|t|1752|15.69|3978333
ARSD|XLE|t|1976|5.64|269750
ARTG|XLK|t|2770|8.54|14891951
ARTT|XLC|t|313|12.76|6767302
ARTX|XLK|t|5020|148.31|13862346
ARUN|XLK|t|2051|16.32|38450091
ARVN|XLV|f|570|28.98|15049989
ARW|XLK|f|5284|42.72|29213997
ARWM|XLB|t|713|2.12|17582
ARWR|XLV|f|4397|20.52|11610470
ARXX|XLK|t|1915|12.12|10688637
ASA|XLF|f|5284|14.23|2413362
ASB|XLF|f|5284|12.91|11629272
ASC|XLI|f|1869|6.88|1544313
ASCL|XLK|t|1338|19.79|19049922
ASFD|XLY|t|550|21.64|605720
ASGN|XLK|f|5284|25.48|7710926
ASH|XLB|f|5284|29.56|36768827
ASHW|XLY|t|2235|6.86|457641
ASIX|XLB|f|1081|23.76|5857352
ASL|XLB|t|1082|5.30|2186532
ASM|XLB|f|4065|1.39|228527
ASML|XLK|f|5284|71.47|79341769
ASNA|XLY|t|5234|160.56|232611228
ASND|XLV|f|1494|63.95|12867219
ASPIY|XLY|t|529|4.83|100455
ASR|XLI|f|5094|51.52|3552995
ASTE|XLI|f|5284|28.52|4387794
ASTSF|XLK|t|2114|11.15|3632471
ASTTY|XLK|t|2289|4.63|423059
ASX|XLK|f|5088|2.13|1952862
ATCM|XLK|t|324|18.64|144048
ATE|XLK|t|3653|8.30|122573
ATEC|XLV|f|3672|24.29|932393
ATEN|XLK|f|1709|6.77|3170267
ATEX|XLC|f|1490|34.43|2784194
ATGC|XLU|t|462|2.04|83438
ATGI|XLY|t|1512|3.36|121857
ATHL|XLE|t|324|39.01|52737490
ATHM|XLC|f|1777|45.90|37693284
ATI|XLI|f|5284|28.31|55412071
ATISW|XLB|t|316|1.60|19038
ATJ|XLB|t|371|1.72|6416
ATKR|XLI|f|1149|23.65|9505477
ATLC|XLF|f|5165|10.31|3568091
ATMI|XLB|t|3602|24.06|8920732
ATML|XLK|t|4088|6.58|50731769
ATNY|XLK|t|2534|3176.07|53552861
ATO|XLU|f|5284|32.38|18747306
ATR|XLV|f|5284|42.52|11328414
ATRC|XLV|f|3876|16.05|3127849
ATRO|XLI|f|5247|12.83|2558012
ATS|XLI|f|2174|9.97|38225
ATSN|XLK|t|1589|11.54|5599810
ATTL|XLC|t|597|2.54|764856
ATTU|XLK|t|4613|27.45|1165480
ATUS|XLC|f|889|22.74|112754290
ATW|XLE|t|4469|22.45|22003364
ATX|XLY|t|3485|7.37|170401
ATY|XLK|f|541|2.00|332653
ATYT|XLK|t|1713|12.42|41553854
AUB|XLF|f|5205|14.38|2054715
AUD|XLC|f|4552|637.20|249079404
AUG|XLB|f|1319|2.36|366433
AUO|XLK|t|4363|5.51|11948376
AUQ|XLB|t|2978|7.81|9459532
AURDQ|XLY|t|1219|7.60|1906330
AUSPF|XLE|t|1841|1.50|34495
AUTH|XLK|t|1331|4.91|1649987
AUTN|XLK|t|1126|55.01|1028804
AUTO|XLK|f|5279|43.84|4091061
AUY|XLB|f|4455|7.39|60251832
AVA|XLU|f|5284|15.77|6192989
AVAL|XLF|f|1581|3.42|897561
AVAV|XLI|f|3512|36.32|9394020
AVB|XLRE|f|5284|73.60|58474016
AVCT|XLK|f|640|122.15|18433989
AVCTW|XLK|f|520|0.34|39850
AVDO|XLY|t|1308|0.59|77152
AVG|XLK|t|1209|18.86|9772746
AVGO|XLK|f|2872|11.20|317727141
AVID|XLK|f|5284|18.12|9070423
AVLR|XLK|f|642|79.95|75002666
AVNS|XLV|f|1561|40.04|16925950
AVNT|XLB|f|5284|14.38|8047561
AVNU|XLE|t|348|14.78|581391
AVNX|XLK|t|2319|3118.94|73976916015
AVP|XLB|t|5033|16.97|63692170
AVT|XLK|f|5283|24.37|25724580
AVTR|XLV|f|411|18.58|79013309
AVY|XLY|f|5284|45.68|31738040
AVYA|XLK|f|764|16.06|26247936
AWE|XLC|t|1130|13.35|122675834
AWI|XLI|f|3581|42.50|20316872
AWK|XLU|f|3197|48.77|47250897
AWR|XLU|f|5284|22.33|4430239
AWS|XLY|t|1858|2.43|21336
AX|XLF|f|3945|13.76|9381273
AXGN|XLV|f|4475|6.75|2064030
AXIA|XLU|f|4328|4.32|2359011
AXL|XLY|f|5284|16.07|19430145
AXLL|XLB|t|4192|7027.19|141279022
AXON|XLI|f|4924|19.51|44464920
AXP|XLF|f|5284|50.30|282092590
AXS|XLF|f|4408|29.03|20263651
AXSI|XLK|t|591|4.94|54167
AXSM|XLV|f|1288|23.33|16573731
AXSO|XLK|t|2321|1.35|193277
AXTA|XLB|f|1545|28.03|61024011
AXTI|XLK|f|5284|6.41|2170559
AXU|XLB|f|3698|2.77|1119679
AY|XLU|f|1651|15.30|8342727
AYA|XLK|t|920|1.29|8052
AYE|XLU|t|331|22.81|24067502
AYI|XLI|f|4807|78.63|38404630
AYRO|XLC|f|1609|71542.61|4073417
AYX|XLK|f|951|75.78|117965163
AZK|XLB|t|2489|3.54|1955433
AZN|XLV|f|5284|33.68|65417693
AZO|XLY|f|5284|367.19|143746162
AZPN|XLK|f|5284|33.96|17506387
AZRE|XLU|f|1054|15.71|936074
AZS|XLY|t|732|10.10|179409
AZTA|XLV|f|5284|17.22|9910864
AZTC|XLK|t|343|2.35|1215871
AZUR|XLU|t|838|12.50|971287
AZX|XLU|t|304|7.13|1810669
AZZ|XLI|f|5240|21.48|3537989
B|XLB|f|5284|14.64|143817909
BA|XLI|f|5284|100.45|660189688
BAA|XLB|t|3176|355.38|4279107
BAANF|XLK|t|1226|2.52|456916
BABA|XLY|f|1583|143.33|2547870096
BAC|XLF|f|5284|18.57|1089501203
BAGL|XLY|t|359|5.26|26334
BAH|XLI|f|2548|28.46|27338053
BAK|XLB|f|5156|8.33|2680294
BALL|XLY|f|5284|20.46|51988620
BALY|XLY|f|445|25.48|7300951
BAMM|XLY|t|3059|5.63|426846
BANC|XLF|f|4339|10.90|3013480
BANF|XLF|f|5254|20.20|1109647
BANR|XLF|f|5283|58.98|2788312
BAP|XLF|f|5265|67.70|20938993
BARE|XLB|t|867|19.50|20974754
BATRA|XLC|f|1187|23.24|1576358
BAX|XLV|f|5284|31.67|158548696
BB|XLK|f|5284|24.32|473796064
BBA|XLY|t|2834|4.03|997105
BBAR|XLF|f|5284|5.59|1403788
BBBB|XLK|t|1839|32.46|14903998
BBD|XLF|f|4811|1330.70|6011518211
BBDC|XLF|f|3494|5.06|1070728
BBEPP|XLE|t|510|13.85|1158911
BBG|XLE|t|3340|24.97|21378172
BBIO|XLV|f|383|32.75|19875912
BBL|XLB|f|4410|26.45|31960975
BBLUQ|XLU|t|1543|1.64|171871
BBOX|XLK|t|4783|26.99|5140442
BBQ|XLY|f|5280|9.45|418801
BBQZ|XLY|t|1278|5.28|76535
BBRG|XLY|t|1910|12.44|1715772
BBRY|XLK|t|4541|27.04|1168903717
BBSI|XLI|f|4902|6.80|1574301
BBT|XLF|f|5155|14.09|1701282
BBU|XLI|f|1149|19.41|956716
BBVA|XLF|f|5284|4.74|7808724
BBW|XLY|f|4073|9.82|2297669
BBWI|XLY|f|5284|12.62|50172275
BBX|XLRE|t|4551|21.67|2350809
BBY|XLY|f|5284|26.41|134120298
BC|XLY|f|5282|27.61|26433881
BCAS|XLK|t|2444|1.48|44456
BCC|XLB|f|1991|21.37|8229706
BCE|XLC|f|5284|16.09|13213870
BCEI|XLE|f|2274|1539.88|1354131957
BCGI|XLC|t|1926|8.66|2959778
BCH|XLF|f|4677|13.59|1114249
BCICF|XLC|t|507|3.42|9410
BCO|XLI|f|5284|27.95|11101365
BCOM|XLC|t|2700|11.65|80996
BCONQ|XLU|t|3922|8.84|1457745
BCOV|XLK|f|2233|9.06|2557779
BCPC|XLB|f|5246|35.28|4101292
BCRX|XLV|f|5283|6.90|6811501
BCS|XLF|f|5284|12.30|21280260
BCSF|XLF|f|535|9.10|2227681
BCSI|XLK|t|3050|60.77|107884345
BCU|XLB|t|316|2.99|288816
BCYRA|XLC|t|925|2.28|32213
BDAY|XLY|t|957|10.18|448019
BDBD|XLP|t|2195|8.73|5048018
BDC|XLK|f|5284|39.27|13128164
BDE|XLY|t|407|4.83|575142
BDGPA|XLY|t|1162|1.47|488319
BDN|XLRE|f|5284|5.57|6424940
BDX|XLV|f|5284|66.87|109146095
BE|XLI|f|615|13.30|38169902
BEAR|XLY|t|1361|4.25|39093
BEAS|XLK|t|2092|18.93|194318665
BEDU|XLY|f|913|31.79|1600200
BEEMW|XLK|f|331|6.73|207628
BEL|XLY|t|4703|17.85|8882193
BELFA|XLK|f|4564|18.45|95951
BELFB|XLK|f|5284|19.20|661889
BEN|XLF|f|5284|18.01|56547084
BEOSZ|XLK|t|706|3.27|1696831
BEP|XLU|f|2824|9.49|2087145
BEQIF|XLRE|t|824|9.53|180177
BERY|XLB|f|2074|37.37|46920258
BEXP|XLE|t|2978|9.40|17777853
BFA|XLP|f|5280|19.85|585539
BFAM|XLY|f|1999|83.19|23778936
BFC|XLF|f|2361|25.55|209610
BFEN|XLRE|t|522|8.46|26277
BFH|XLF|f|4923|62.76|47246271
BFI|XLY|f|422|11.11|2215975
BFS|XLRE|f|5284|20.72|897332
BFST|XLF|f|687|18.85|543374
BFUN|XLK|t|1038|1.19|537428
BFX|XLY|f|5284|11.74|6429405
BG|XLP|f|4885|42.78|53243938
BGC|XLF|f|5270|3.38|5003275
BGSI|XLY|f|1260|54.17|46483
BH|XLY|f|5284|183.56|2153562
BHB|XLF|f|4993|10.18|193619
BHC|XLV|f|5284|38.49|144023275
BHCA|XLC|t|391|143.94|716597
BHE|XLK|f|5284|16.79|7596175
BHF|XLF|f|872|41.48|49110046
BHP|XLB|f|5284|18.41|63020782
BHRB|XLF|f|2202|10294.33|687393
BHTG|XLY|f|1117|2.96|419690
BHWK|XLC|t|492|8.21|77498
BIDU|XLC|f|3879|115.80|693107466
BIG|XLY|f|5284|22.29|23566018
BIIB|XLV|f|5282|147.48|303836701
BILI|XLC|f|697|24.05|121962283
BILL|XLK|f|266|78.40|102906475
BIO|XLV|f|5284|127.09|18677356
BIOA-WS|XLB|t|1301|0.25|2825119
BIOX-WT|XLB|t|375|0.30|20101
BIP|XLU|f|3268|10.28|5851981
BIQI|XLB|t|2232|20.92|302805
BIRT|XLK|t|3783|6.26|2874792
BITA|XLK|t|2507|23.74|22653539
BIW|XLU|t|1210|4.91|43345
BJ|XLP|f|633|28.62|61287262
BJRI|XLY|f|5265|26.13|8715548
BJS|XLE|t|2595|21.54|122423775
BK|XLF|f|5284|24.90|136676265
BKD|XLV|f|3803|20.33|28645919
BKE|XLY|f|5284|7.20|3206252
BKH|XLU|f|5284|25.42|8278977
BKI|XLK|f|1416|49.95|37181794
BKNG|XLY|f|5284|26.37|399304819
BKR|XLE|f|5283|24.30|104934779
BKS|XLY|t|4929|9.14|8842759
BKST|XLY|t|1446|10.49|1047473
BKU|XLF|f|2499|22.84|16985165
BKW|XLY|t|625|21.70|24798061
BL|XLK|f|1051|50.25|23293003
BLBD|XLI|f|1612|15.74|1317390
BLD|XLI|f|1395|69.41|23113396
BLDP|XLI|f|5284|10.80|10959687
BLDR|XLI|f|3910|10.94|10222734
BLFS|XLV|f|4755|5.57|720874
BLK|XLF|f|5284|170.13|106517892
BLKB|XLK|f|4142|39.85|10967487
BLMN|XLY|f|2114|15.38|22415911
BLNKW|XLK|f|702|2.47|322832
BLOCA|XLB|t|264|39.57|2236196
BLSW|XLK|t|264|34.09|16321145
BLVD|XLB|t|496|10.11|1071576
BLX|XLF|f|5282|8.26|1068826
BLZN|XLK|t|273|1.99|189488
BMA|XLF|f|3720|24.89|5745459
BMC|XLK|t|3443|29.26|72123079
BMCH|XLY|f|1863|20.89|8975885
BMGCA|XLB|t|259|1.90|1407788
BMI|XLK|f|5253|20.40|3327189
BMO|XLF|f|5284|29.53|14281526
BMRN|XLV|f|5282|43.96|58801421
BMS|XLB|t|4889|25.12|19987709
BMY|XLV|f|5284|24.51|234456011
BN|XLF|f|5282|6.43|24596880
BNBN|XLY|t|1106|2.92|1513120
BNHN|XLY|t|2723|10.37|235678
BNHNA|XLY|t|2049|10.59|460165
BNS|XLF|f|4675|24.23|14606030
BNSSA|XLRE|t|1851|140.11|71655
BNTX|XLV|f|310|56.38|160327200
BOBE|XLY|t|4536|25.98|7348219
BOG|XLE|t|413|8.84|334757
BOH|XLF|f|5284|31.74|9107611
BOJA|XLY|t|936|16.65|5716226
BOKF|XLF|f|5284|38.47|5336155
BOMN|XLRE|f|896|20.98|1538997
BONA|XLC|t|1335|6.85|1440929
BOOT|XLY|f|1554|20.78|13544836
BORN|XLP|t|2269|2.75|1060180
BOX|XLK|f|1497|17.51|36702002
BP|XLE|f|5284|20.04|126328543
BPO|XLRE|t|2705|14.21|21729100
BPOP|XLF|f|5284|60.23|15061569
BPY|XLRE|f|1960|15.07|11231296
BPZ|XLE|t|2832|5.08|4222438
BPZRQ|XLE|t|3962|16.22|3105725
BR|XLK|f|3471|45.20|33636251
BRBR|XLP|f|305|19.98|9783628
BRC|XLI|f|5284|22.46|5225743
BRCN|XLP|f|1933|2.09|38655
BREW|XLP|t|5201|7.62|719183
BRFS|XLP|f|4800|8.82|13767166
BRKR|XLV|f|5135|16.98|10987612
BRNC|XLE|t|1462|12.70|4179926
BRO|XLF|f|5284|13.52|17949307
BROG|XLE|f|492|10.03|891420
BROGW|XLE|f|491|0.46|37018
BRSL|XLY|f|5284|10.63|33147652
BRSP|XLRE|f|735|7.00|3087524
BRSS|XLB|t|1546|24.81|3954055
BRX|XLRE|f|1806|13.00|30733851
BRY|XLE|f|675|5.14|3207739
BRZZQ|XLY|t|808|0.90|44902
BSAC|XLF|f|5246|10.11|4217335
BSBR|XLF|f|2829|4.00|13977688
BSH|XLY|t|1993|5.01|96666
BSIRY|XLY|t|570|43.02|173709
BSM|XLE|f|1427|6.75|1443297
BSNX|XLE|t|274|17.31|3006250
BST|NA|f|1555|13.72|1484650
BSX|XLV|f|5284|19.06|166608393
BT|XLC|t|3999|11.00|3187371
BTB|XLY|f|1340|178334.53|500219909
BTBT|XLF|f|599|4.88|6121131
BTE|XLE|f|3718|15.30|6217672
BTG|XLB|f|3064|2.08|7041965
BTH|XLY|t|3971|36.06|5133224
BTHS|XLY|t|1156|8.55|234594
BTI|XLP|f|5284|15.97|18732853
BTTR|XLP|f|736|5586.89|50029
BTU|XLE|f|945|20.36|23270845
BUCA|XLY|t|2198|8.08|1499479
BUD|XLP|f|2897|72.27|109066842
BUR|XLF|f|740|11.97|133030
BURL|XLY|f|1826|108.15|108228939
BUYX|XLY|t|382|3.55|6278767
BV|XLI|f|633|15.13|5381679
BVN|XLB|f|5280|14.74|18558273
BW|XLI|f|1398|73.11|4531672
BWA|XLY|f|5284|20.32|44709751
BWB|XLF|f|707|11.53|951069
BWIN|XLF|f|299|18.98|6088964
BWLA|XLC|f|3353|8.94|12966
BWLD|XLY|t|3574|72.60|37153395
BWMX|XLY|f|319|8.92|429920
BWNG|XLC|t|1618|60.00|30203573
BWP|XLU|t|3191|17.03|11089105
BWTR|XLU|t|1237|3.79|850669
BWXT|XLI|f|2639|31.85|19919816
BX|XLF|f|3407|16.77|76359526
BXC|XLI|f|4039|33.59|1426187
BXG|XLRE|f|785|9.96|1194526
BXMT|XLRE|f|5187|16.19|4131396
BXP|XLRE|f|5284|50.58|48412221
BY|XLF|f|883|16.89|1396174
BYBI|XLY|t|1948|4.90|84517
BYD|XLY|f|5284|18.15|21559332
BYON|XLY|f|4682|21.78|30771000
BZH|XLY|f|5283|66.87|23308467
C|XLF|f|5284|132.24|834646234
CAAP|XLI|f|735|6.56|1812628
CAB|XLY|t|3331|33.59|26227034
CABO|XLC|f|1397|851.52|34462476
CAC|XLF|f|5248|15.89|462076
CACC|XLF|f|5267|118.00|14469938
CACI|XLK|f|5284|77.60|20077809
CACQ|XLY|t|977|11.16|2849339
CADD|XLE|t|1137|5.56|26041
CADE|XLF|f|5284|13.27|6422177
CAE|XLI|f|4639|10.46|1462056
CAFD|XLU|t|756|12.82|3892174
CAG|XLP|f|5284|13.80|56450728
CAGAQ|XLP|t|2272|7.71|32291
CAGC|XLB|t|1094|6.15|4368611
CAH|XLV|f|5284|35.28|87108308
CAKE|XLY|f|5284|25.85|25536031
CAL|XLY|f|5284|14.23|5753020
CALL|XLC|f|4551|52376.40|11486622
CALM|XLP|f|5211|14.80|7412388
CALX|XLK|f|2714|9.66|4012857
CALY|XLY|f|5284|8.64|7412907
CAMT|XLK|f|5091|3.92|641221
CANRQ|XLE|t|2310|0.66|500170
CAO|XLY|t|2143|12.60|4817686
CAPL|XLE|f|2059|8.43|614638
CAR|XLI|f|5284|25.22|63015572
CARG|XLY|f|811|33.19|33490958
CARS|XLC|f|913|19.12|24607012
CASH|XLF|f|4674|11.65|1877976
CASS|XLI|f|4859|21.04|711929
CASY|XLY|f|5284|53.44|19437383
CAT|XLI|f|5284|55.50|312553011
CATY|XLF|f|5282|17.74|6234365
CAU|XLB|t|2056|1.41|264587
CAW|XLB|t|4704|3.84|60929
CB|XLF|f|5284|57.45|101391274
CBEH|XLE|t|1668|3.29|666297
CBEY|XLC|t|2191|15.76|4882792
CBG|XLRE|t|3470|23.17|64257592
CBJ|XLB|t|1722|1.73|1012869
CBNK|XLF|f|571|11.33|225781
CBOE|XLF|f|2657|58.38|47206794
CBOU|XLY|t|1842|8.39|1868219
CBPX|XLB|t|1508|23.49|8610852
CBRE|XLRE|f|4170|27.54|66949517
CBRL|XLY|f|5284|47.24|18104517
CBS|XLC|t|5011|34.51|194271727
CBSH|XLF|f|5284|22.10|12208453
CBT|XLB|f|5284|26.72|9858359
CBU|XLF|f|5281|21.27|4033662
CBUK|XLY|t|1865|9.17|501774
CBZ|XLI|f|5284|8.97|2186115
CC|XLB|f|1395|19.33|43961933
CCALF|XLU|t|948|6.81|418042
CCB|XLF|f|620|15.57|365626
CCBEF|XLP|t|280|1.05|27689
CCBG|XLF|f|5260|14.82|347664
CCDC|XLY|t|1301|14.16|289090
CCE|XLP|t|3841|17.15|40070903
CCEC|XLI|f|3465|17.46|903371
CCEP|XLP|f|5284|14.96|29871320
CCH|XLP|f|447|12.25|6276390
CCI|XLRE|f|5283|37.74|80590121
CCJ|XLE|f|5281|14.71|33943489
CCK|XLY|f|5284|30.58|36334252
CCL|XLY|f|5284|31.12|151173025
CCLP|XLE|f|2401|5.88|528568
CCNE|XLF|f|4856|11.04|228194
CCO|XLC|f|3810|4.00|1433774
CCOI|XLC|f|4744|17.73|5970930
CCR|XLB|t|1384|9.59|508568
CCS|XLRE|f|1648|23.03|6286806
CCSC|XLY|t|1392|9.47|864807
CCTYQ|XLY|t|2952|12.53|48509750
CCU|XLP|f|5275|9.78|1560841
CDCAQ|XLB|t|3246|16.27|13706579
CDE|XLB|f|5284|20.09|27012743
CDEV|XLE|f|1158|11.46|27854257
CDIR|XLY|t|717|0.30|17816
CDMS|XLC|t|1793|12.97|228436
CDNA|XLV|f|1626|14.93|9112954
CDNS|XLK|f|5284|23.57|53938784
CDP|XLRE|f|5282|14.42|9246472
CDW|XLK|f|1893|59.59|55720675
CDWC|XLY|t|1956|55.47|61548178
CDWI|XLY|t|311|1.44|28314
CE|XLB|f|4015|46.85|53724307
CEC|XLY|t|3551|29.57|7196225
CECO|XLI|f|5112|6.42|644898
CEDU|XLY|t|1588|6.44|194087
CEI|XLE|f|663|119156.10|3987493
CEIX|XLB|f|782|21.18|8574392
CEL|XLC|f|3501|11.08|2035904
CELC|XLV|f|825|16.32|289200
CELH|XLP|f|3451|1.57|1323039
CENT|XLP|f|5284|11.42|1690809
CENTA|XLP|f|3502|13.34|4292366
CENX|XLB|f|5284|17.35|20531229
CEPU|XLU|f|734|5.90|1767036
CERPQ|XLB|f|3490|303.82|54589820
CET|XLF|f|5281|9.99|214845
CEVA|XLK|f|4573|18.22|2760816
CF|XLB|f|3875|23.03|125595601
CFFN|XLF|f|5284|4.95|2460900
CFG|XLF|f|1580|22.43|109933189
CFI|XLY|t|4402|0.10|4690
CFR|XLF|f|5284|39.81|16655657
CFSG|XLY|t|1089|10.13|1918825
CG|XLF|f|2181|15.42|13429291
CGAU|XLB|f|2582|10722.14|71354620
CGBD|XLF|f|895|6.97|1809874
CGG|XLE|t|4259|14162.04|54775600
CGNX|XLK|f|5284|15.91|19816859
CGP|XLU|f|785|31.42|24497318
CGX|XLC|t|3542|36.85|3437555
CGZ|XLC|t|444|2.65|201840
CHCO|XLF|f|5284|26.85|1576889
CHD|XLP|f|5283|23.00|37370608
CHDN|XLY|f|5284|16.21|7554358
CHE|XLV|f|5284|103.56|14383669
CHEF|XLP|f|2374|20.95|4742996
CHH|XLY|f|5284|32.27|8601239
CHK|XLE|f|1129|588.58|25229074216
CHKP|XLK|f|5284|55.62|125685888
CHRW|XLI|f|5284|39.53|58062637
CHT|XLC|f|4397|17.07|5874065
CHTR|XLC|f|2750|222.23|304771446
CHWY|XLY|f|392|42.64|172289572
CI|XLV|f|5284|68.41|154177691
CIB|XLF|f|5186|14.53|5386456
CIEN|XLK|f|5284|63.14|162282064
CIG|XLU|f|5274|0.87|4211454
CIGI|XLRE|f|5233|23.81|1035414
CIM|XLRE|f|3304|13.65|7240454
CINF|XLF|f|5284|31.87|22216831
CIVI|XLE|f|2276|1070.65|10262672
CL|XLP|f|5284|34.17|138660912
CLB|XLE|f|5284|56.36|27943201
CLBK|XLF|f|681|15.19|3480892
CLDX|XLV|f|5284|264.06|8667555
CLF|XLB|f|5284|18.77|98477778
CLH|XLI|f|5283|34.91|15899276
CLMB|XLK|f|5177|1.89|90072
CLMT|XLB|f|3760|12.66|3807055
CLNE|XLE|f|3426|8.58|11464410
CLS|XLK|f|5284|14.65|19160433
CLVT|XLK|f|544|19.03|25700671
CLX|XLP|f|5284|57.53|67415086
CM|XLF|f|5284|15.14|9899327
CMA|XLF|f|5284|29.90|53308143
CMBT|XLE|f|1544|4.87|4675496
CMC|XLI|f|5284|11.29|16558423
CMCL|XLB|f|5255|3.61|95668
CMCO|XLI|f|5282|18.31|2150877
CMCSA|XLC|f|5284|13.89|351456583
CME|XLF|f|4549|57.12|131434778
CMG|XLY|f|3760|7.71|260566387
CMI|XLI|f|5284|60.48|113633402
CMP|XLB|f|4293|41.93|13845389
CMPR|XLI|f|3840|62.92|22325447
CMPX|XLV|f|1539|4.60|351802
CMRE|XLI|f|2557|6.97|2092179
CMS|XLU|f|5284|18.20|40354841
CNA|XLF|f|5284|17.86|4275348
CNC|XLV|f|4795|19.81|72061764
CNH|XLI|f|5284|5.71|7372051
CNI|XLI|f|5284|32.25|43779295
CNK|XLC|f|3449|21.90|24798975
CNMD|XLV|f|5284|31.77|6458191
CNNE|XLY|f|1645|18.36|8014717
CNO|XLF|f|4359|11.99|17313177
CNOB|XLF|f|5111|10.50|748354
CNP|XLU|f|5284|11.42|42878678
CNQ|XLE|f|5139|7.06|50385194
CNR|XLE|f|782|12.71|5136260
CNS|XLF|f|4126|20.51|3286779
CNX|XLE|f|5284|20.40|69488300
CNXN|XLK|f|5284|15.12|1263820
CODI|XLI|f|3687|7.33|1435633
COF|XLF|f|5284|50.88|176848570
COGT|XLV|f|696|18.47|2098268
COHR|XLK|f|5284|17.67|11415634
COHU|XLK|f|5284|13.88|2526376
COKE|XLP|f|5283|8.64|3346267
COLB|XLF|f|5283|12.56|2799427
COLD|XLRE|f|744|23.97|42545008
COLL|XLV|f|1424|16.86|6666576
COLM|XLY|f|5284|32.35|11803842
COO|XLV|f|5284|26.81|46156971
COP|XLE|f|5284|28.94|270755476
COR|XLV|f|5284|33.33|71713968
CORT|XLV|f|4207|6.12|5325652
COST|XLP|f|5284|85.66|240568893
COTY|XLP|f|1903|16.66|70737542
CP|XLI|f|5284|17.15|54619487
CPA|XLI|f|3787|53.91|22081807
CPAY|XLK|f|2529|146.89|110300463
CPB|XLP|f|5284|23.66|45671698
CPF|XLF|f|5259|129.62|1912129
CPK|XLU|f|5283|28.82|1638374
CPRI|XLY|f|2276|51.11|168805457
CPRT|XLI|f|5284|4.99|33010036
CPRX|XLV|f|3534|2.43|2310438
CPS|XLY|f|2537|62.44|6852788
CPT|XLRE|f|5284|36.44|21690967
CQP|XLE|f|3472|12.47|3206150
CRAI|XLI|f|5277|27.09|1864854
CRESY|XLI|f|4973|7.01|923451
CRH|XLB|f|5284|17.36|6122707
CRI|XLY|f|4327|42.92|30017092
CRK|XLE|f|5284|74.16|13577529
CRL|XLV|f|5164|62.36|30100735
CRM|XLK|f|4162|57.99|371277057
CRMD|XLV|f|2637|7.62|1204107
CRNX|XLV|f|620|21.05|2146139
CRON|XLV|f|1113|6.97|57099577
CROX|XLY|f|3751|17.67|46982760
CRS|XLI|f|5284|28.26|14639838
CRSP|XLV|f|1058|45.85|45349071
CRTO|XLC|f|1806|31.93|21005728
CRUS|XLK|f|5284|23.31|34405286
CRVL|XLF|f|5284|9.18|1751959
CRVS|XLV|f|1204|8.68|1510090
CRWD|XLK|f|394|89.63|443971419
CSCO|XLK|f|5284|19.46|785895147
CSGP|XLRE|f|5284|15.00|31744177
CSGS|XLK|f|5283|22.40|8076472
CSIQ|XLK|f|3560|16.97|35954606
CSL|XLI|f|5284|50.72|19430657
CSR|XLRE|f|5275|35.58|1316220
CSTL|XLV|f|364|35.57|7429021
CSTM|XLB|f|1917|12.49|12415256
CSV|XLY|f|5282|10.13|948211
CSW|XLI|f|1324|50.51|3092140
CSWC|XLF|f|5215|4.22|358318
CSX|XLI|f|5284|7.08|162960300
CTAS|XLI|f|5284|16.90|48995276
CTBI|XLF|f|5276|17.79|723278
CTLP|XLK|f|5284|20.84|1182134
CTLT|XLV|f|1618|41.08|41414682
CTMX|XLV|f|1318|13.98|4638538
CTO|XLRE|f|5273|6.85|400805
CTOS|XLI|f|662|6.91|1324307
CTRA|XLE|f|5284|10.34|63197115
CTRE|XLRE|f|1662|10.90|7082976
CTS|XLK|f|5284|15.76|2553652
CTSH|XLK|f|5284|28.11|134701801
CTVA|XLB|f|406|26.72|133552493
CUBE|XLRE|f|4077|12.07|14994552
CUBI|XLF|f|2130|21.48|3800140
CUZ|XLRE|f|5284|22.99|9697468
CVBF|XLF|f|5284|8.36|4012588
CVCO|XLY|f|4410|73.00|3741113
CVE|XLE|f|2794|14.93|28251675
CVI|XLE|f|3322|11.73|7679244
CVLG|XLI|f|5280|6.59|1386948
CVLT|XLK|f|3594|42.35|21634601
CVNA|XLY|f|927|14.07|123941099
CVS|XLV|f|5284|33.30|242854926
CVX|XLE|f|5284|47.57|375981875
CW|XLI|f|5284|47.80|11940074
CWCO|XLU|f|5252|9.05|620801
CWEN|XLU|f|1419|12.25|8622339
CWH|XLY|f|1066|16.57|19551921
CWK|XLRE|f|609|15.98|13304251
CWST|XLI|f|5283|13.36|2687581
CWT|XLU|f|5284|17.36|3850331
CX|XLB|f|5284|9.10|71903296
CXT|XLI|f|5284|12.61|11479171
CXW|XLI|f|5284|11.85|11271875
CYD|XLY|f|5219|6.62|1483849
CZR|XLY|f|5283|13.12|16890671
D|XLU|f|5284|29.25|89885869
DAKT|XLK|f|5284|7.51|2330321
DAL|XLI|f|3447|26.54|287338113
DAN|XLY|f|3254|12.63|24702321
DAO|XLP|f|298|24.67|8915941
DAR|XLP|f|4971|11.93|13481429
DB|XLF|f|5279|32.16|41079461
DBRG|XLF|f|1641|28.72|21278981
DBX|XLK|f|700|22.81|113353164
DCH|XLY|f|5284|16.07|19416128
DCI|XLI|f|5284|22.37|12613402
DCO|XLI|f|5280|22.44|1403205
DCOM|XLF|f|4685|13.04|395072
DD|XLB|f|5284|16.21|203092984
DDOG|XLK|f|325|64.40|269466907
DDS|XLY|f|5284|32.01|22740037
DE|XLI|f|5284|60.23|188460922
DEA|XLRE|f|1487|29.02|5442915
DECK|XLY|f|5253|8.95|49306745
DEI|XLRE|f|3572|17.34|18250829
DELL|XLK|f|1102|21.74|49166345
DEO|XLP|f|5284|61.11|30724656
DFIN|XLK|f|1075|16.12|4552877
DFS|XLF|f|3411|36.72|120063461
DG|XLP|f|2802|70.30|190060420
DGICA|XLF|f|4833|89.38|1064951
DGICB|XLF|f|2636|7.87|16314
DGII|XLK|f|5284|10.25|1292406
DGX|XLV|f|5284|47.30|63115328
DHC|XLRE|f|5284|7.84|11413747
DHI|XLY|f|5284|20.05|94805069
DHR|XLV|f|5284|35.16|145452898
DHT|XLE|f|3831|11.65|2686104
DINO|XLE|f|5283|16.05|41873385
DIOD|XLK|f|5284|20.92|7317575
DIS|XLC|f|5284|52.07|486945025
DISH|XLC|f|5284|31.42|86272730
DJCO|XLK|f|3302|143.11|314347
DK|XLE|f|3692|15.51|15664472
DKL|XLE|f|2055|12.58|718983
DKNG|XLY|f|318|27.73|454643062
DKS|XLY|f|4585|24.30|47421227
DLB|XLI|f|3996|36.88|18344621
DLR|XLRE|f|4072|46.10|66484550
DLTR|XLP|f|5284|40.05|115425816
DLX|XLI|f|5284|21.65|7673093
DMLP|XLE|f|5265|5.14|269006
DNLI|XLV|f|771|23.94|12562114
DNN|XLE|f|4297|1.78|1084111
DNOW|XLI|f|1668|16.14|22184081
DNTH|XLV|f|638|170.61|1666551
DOC|XLRE|f|5283|10.01|31304950
DOCU|XLK|f|676|93.64|359284861
DOO|XLY|f|891|29.37|1816007
DORM|XLY|f|5166|29.24|5374365
DOV|XLI|f|5284|40.92|64282821
DOW|XLB|f|452|33.31|164538817
DOX|XLK|f|5284|33.27|34459164
DPZ|XLY|f|4149|87.41|65293183
DQ|XLK|f|2577|7.33|9340223
DRD|XLB|f|5284|5.73|1651521
DRH|XLRE|f|3928|7.29|12888056
DRI|XLY|f|5284|32.58|59456179
DRS|XLI|f|4870|5.95|471665
DSGR|XLI|f|5281|12.10|401851
DSGX|XLK|f|5268|14.39|1623160
DSL|NA|f|1936|7.42|3124323
DT|XLK|f|359|31.70|79373291
DTE|XLU|f|5284|34.20|42203885
DUK|XLU|f|5284|34.38|106862955
DVA|XLV|f|5284|40.16|62146133
DVN|XLE|f|5284|31.18|136071610
DX|XLRE|f|5281|4.26|530176
DXC|XLK|f|5284|29.00|74684252
DXCM|XLV|f|3957|15.32|65362332
DY|XLI|f|5284|34.82|17234593
E|XLE|f|5284|15.74|6886655
EA|XLC|f|5284|49.68|211713061
EAT|XLY|f|5284|24.58|33645106
EBAY|XLY|f|5284|17.10|417293164
EBF|XLI|f|5284|7.14|759806
EBS|XLV|f|3556|28.64|11770449
EC|XLE|f|3094|8.58|5191602
ECC|XLF|f|1569|3.74|420719
ECL|XLB|f|5284|65.51|86341830
ECPG|XLF|f|5025|22.53|5412265
ECVT|XLB|f|820|10.56|2322358
ED|XLU|f|5284|32.24|57831337
EDN|XLU|f|3381|14.43|1165046
EDU|XLP|f|3605|1554.24|11475420970
EEFT|XLK|f|5284|42.67|17264127
EEX|XLC|f|927|12.24|2348222
EFC|XLRE|f|2576|5.56|1006320
EFSC|XLF|f|4674|18.54|1235171
EFX|XLI|f|5284|54.96|47295774
EFXT|XLE|f|782|8.96|40183
EG|XLF|f|5284|95.24|35183746
EGBN|XLF|f|4706|19.40|2366908
EGO|XLB|f|4518|29.88|25409834
EGP|XLRE|f|5284|35.78|6928931
EGY|XLE|f|4948|3.13|1962655
EH|XLI|f|266|11.54|4435639
EHC|XLV|f|5275|24.19|20120623
EIG|XLF|f|3506|19.21|3358143
EIX|XLU|f|5284|26.39|56246006
EL|XLP|f|5284|52.66|102433912
ELAN|XLV|f|575|28.79|134416145
ELE|XLB|f|312|258.97|10204
ELF|XLP|f|1077|18.56|12052868
ELME|XLRE|f|5284|14.51|5942023
ELS|XLRE|f|5284|16.35|13837460
ELV|XLV|f|4827|93.88|207994580
EMA|XLU|f|2128|21.45|152948
EMBJ|XLI|f|5145|22.96|20820533
EME|XLI|f|5284|32.95|14275223
EMN|XLB|f|5284|32.27|45497388
EMR|XLI|f|5284|33.09|121384496
ENB|XLE|f|5205|12.99|23614057
ENIC|XLU|f|1184|2.98|1256438
ENOV|XLV|f|3186|55.30|26514425
ENPH|XLK|f|2204|14.27|49334531
ENR|XLI|f|1400|35.08|25725140
ENS|XLI|f|4136|41.99|27010084
ENSG|XLV|f|3309|17.60|5308870
ENTG|XLK|f|5153|15.25|13750361
ENVA|XLF|f|1551|17.88|5462480
EOG|XLE|f|5284|37.30|167579445
EPAC|XLI|f|5284|22.07|11870392
EPAM|XLK|f|2240|98.20|35319590
EPC|XLP|f|5226|43.56|31069043
EPD|XLE|f|5284|8.06|29773986
EPR|XLRE|f|5284|19.82|8373772
EPRT|XLRE|f|638|13.83|14144702
EQBK|XLF|f|1294|26.73|1413484
EQH|XLF|f|667|17.75|58696022
EQIX|XLRE|f|5130|158.80|93812240
EQNR|XLE|f|4917|9.66|16161443
EQR|XLRE|f|5284|27.08|55246182
EQT|XLE|f|5284|20.87|63720708
EQX|XLB|f|1144|6.38|3275796
ERIC|XLK|f|5284|9.32|46395129
ERIE|XLF|f|5283|55.67|3715235
ERII|XLI|f|3148|6.37|2380114
ERO|XLB|f|461|11.60|66918
ES|XLU|f|5284|24.32|36504014
ESBA|XLRE|f|1794|13.43|189984
ESE|XLK|f|5284|37.51|5595794
ESI|XLB|f|1768|12.96|25720094
ESLT|XLI|f|5261|48.65|1105950
ESNT|XLF|f|1805|29.44|19734493
ESPR|XLV|f|1894|37.70|27360244
ESQ|XLF|f|882|20.22|387511
ESRT|XLRE|f|1826|13.48|14326918
ESS|XLRE|f|5284|93.29|33863962
ESTA|XLV|f|619|22.67|1666847
ESTC|XLK|f|564|83.99|91369740
ET|XLE|f|3754|5.33|36400173
ETD|XLY|f|5284|12.91|4300271
ETN|XLI|f|5284|34.77|95280419
ETR|XLU|f|5284|20.80|57655829
ETSY|XLY|f|1440|40.04|124003233
EVAC|XLF|f|414|8.06|500935
EVER|XLC|f|633|25.37|9909675
EVO|XLV|f|3737|3.80|584795
EVR|XLF|f|3623|38.26|14986738
EVRG|XLU|f|5284|19.33|23515899
EVTC|XLK|f|1946|21.11|9587509
EW|XLV|f|5226|18.29|86633263
EWBC|XLF|f|5284|22.56|18888611
EXAS|XLV|f|5011|21.01|35854564
EXC|XLU|f|5284|16.74|116044741
EXEL|XLV|f|5215|10.85|22996954
EXK|XLB|f|3692|3.98|6286501
EXLS|XLK|f|3574|7.15|5608170
EXP|XLB|f|5284|43.95|27600925
EXPD|XLI|f|5284|34.97|54407534
EXPI|XLRE|f|1544|4.36|4038976
EXPO|XLI|f|5279|15.78|3616497
EXR|XLRE|f|4127|32.41|30109617
EXTR|XLK|f|5284|8.48|28491458
EYE|XLY|f|801|33.62|23099657
EYPT|XLV|f|3972|48.40|500039
EZPW|XLF|f|5232|10.49|5505618
F|XLY|f|5284|6.31|224530584
FAF|XLF|f|2672|26.17|19097736
FANG|XLE|f|2068|59.15|93262644
FAST|XLI|f|5284|5.99|58334266
FBIN|XLI|f|2339|36.49|57980086
FBK|XLF|f|1081|30.89|3097303
FBNC|XLF|f|5258|14.52|888633
FBP|XLF|f|5284|62.99|4287981
FBRT|XLRE|f|5282|6.99|4027351
FBRX|XLV|f|937|2730.66|1961146
FCBC|XLF|f|5203|13.86|393452
FCF|XLF|f|5284|6.28|2246483
FCFS|XLF|f|5281|29.99|7403885
FCN|XLI|f|5284|40.28|19073115
FCNCA|XLF|f|5277|201.74|4957930
FCPT|XLRE|f|1303|16.13|7349231
FCX|XLB|f|5284|17.15|324398801
FDP|XLP|f|5284|21.04|5678856
FDS|XLF|f|5284|90.15|30175319
FDUS|XLF|f|2400|5.29|479026
FDX|XLI|f|5284|95.59|201631354
FELE|XLI|f|5276|23.28|4148081
FER|XLI|f|330|27.22|144729
FET|XLE|f|2196|318.82|12103907
FFBC|XLF|f|5284|9.87|2397779
FFIC|XLF|f|5277|8.96|708855
FFIN|XLF|f|5281|9.49|4247024
FFIV|XLK|f|5284|72.49|98990120
FFWM|XLF|f|1545|13.10|1670170
FHB|XLF|f|1111|18.71|15138938
FHI|XLF|f|5284|13.95|11230170
FHN|XLF|f|5284|13.03|26402206
FIBK|XLF|f|2714|17.73|2906515
FICO|XLK|f|5284|81.61|23157377
FINV|XLF|f|791|2.90|2918350
FIS|XLK|f|4915|39.58|85766881
FISI|XLF|f|5217|12.50|402556
FISV|XLK|f|5284|29.58|108234865
FITB|XLF|f|5284|17.65|91216714
FIVE|XLY|f|2128|65.30|67637359
FIVN|XLK|f|1699|36.03|26315154
FIX|XLI|f|5284|16.36|3875354
FIZZ|XLP|f|5218|9.50|4549231
FLEX|XLK|f|5284|6.76|59189332
FLG|XLF|f|5284|19.79|22318519
FLGT|XLV|f|1067|11.23|6682491
FLNG|XLE|f|391|4.16|78643
FLO|XLP|f|5283|8.05|10758182
FLR|XLI|f|5284|37.20|73889834
FLS|XLI|f|5284|24.86|37842120
FLUT|XLY|f|328|119.87|616367
FMBH|XLF|f|2703|19.46|324101
FMC|XLB|f|5284|28.45|35942435
FMNB|XLF|f|4913|5.94|165703
FMS|XLV|f|5284|21.12|3711257
FMX|XLP|f|5284|40.20|24270910
FN|XLK|f|2649|30.99|11012323
FNB|XLF|f|5284|6.76|7321549
FND|XLY|f|928|46.77|50508762
FNF|XLF|f|3830|16.17|41005512
FNV|XLB|f|3275|50.13|30268527
FOLD|XLV|f|3423|8.57|14769000
FOR|XLRE|f|3285|16.84|4006255
FORM|XLK|f|4421|17.43|10827739
FORTY|XLK|f|4068|14.95|95842
FOX|XLC|f|457|28.58|45131700
FOXA|XLC|f|458|29.08|142687137
FOXF|XLY|f|1864|39.08|10479120
FPH|XLRE|f|919|9.17|1838726
FPI|XLRE|f|1694|6.10|994826
FR|XLRE|f|5284|16.77|10322369
FRHC|XLF|f|727|13.81|3124728
FRME|XLF|f|5283|15.59|1749864
FRO|XLE|f|4883|24.94|7584710
FRPT|XLP|f|1548|33.64|11101868
FRT|XLRE|f|5284|51.76|24529452
FSBC|XLF|f|309|7.66|15618
FSK|XLF|f|1691|9.35|3342297
FSLR|XLK|f|3554|81.51|252473838
FSLY|XLK|f|411|44.85|344760532
FSM|XLB|f|3828|3.67|3380318
FSS|XLI|f|5284|13.14|3711969
FSV|XLRE|f|1408|68.63|3471128
FTAI|XLI|f|1419|8.57|2647806
FTDR|XLY|f|580|40.62|24574875
FTI|XLE|f|4919|190.40|1143590840
FTNT|XLK|f|2799|8.65|78382092
FTS|XLU|f|2269|4186.23|11910005
FTV|XLK|f|1145|42.50|90362980
FUL|XLB|f|5284|24.57|8817242
FULC|XLV|f|369|12.64|1417209
FULT|XLF|f|5284|7.74|6451554
FUN|XLY|f|5284|20.74|4318147
FUTU|XLF|f|460|17.83|24517458
FWONA|XLC|f|2009|28.61|30961815
FWRD|XLI|f|5284|32.04|6027802
G|XLK|f|3379|19.26|16600861
GABC|XLF|f|5235|11.61|442300
GAIN|XLF|f|3909|2.72|394711
GAP|XLY|f|5285|15.37|93585967
GATX|XLI|f|5284|31.92|11047892
GAU|XLB|f|3276|2.92|943569
GBCI|XLF|f|5283|14.14|4914738
GBDC|XLF|f|2699|6.71|1777221
GBX|XLI|f|5270|18.98|8179643
GCMG|XLF|f|380|8.31|2685751
GD|XLI|f|5284|70.19|118682965
GDDY|XLK|f|1450|53.11|75111492
GDEN|XLY|f|5262|9.06|960000
GDOT|XLF|f|2631|34.96|16567840
GDS|XLK|f|1048|36.82|40163921
GDYN|XLK|f|456|9.41|2179740
GE|XLI|f|5284|88.41|764395318
GEF|XLY|f|5283|24.32|5039941
GEL|XLE|f|5281|8.81|3376378
GEN|XLK|f|5283|7.69|75075794
GEO|XLI|f|5284|7.71|7214082
GERN|XLV|f|5284|5.70|8050377
GES|XLY|f|5284|10.11|13308206
GFF|XLI|f|5282|11.08|2268265
GFI|XLB|f|5283|5.90|28076959
GGAL|XLF|f|5142|10.05|5718231
GGB|XLB|f|5262|2.57|21505692
GGG|XLI|f|5284|16.39|13889410
GH|XLV|f|565|77.36|81551920
GHC|XLP|f|5282|351.07|12058462
GHM|XLI|f|4991|13.63|1049360
GIB|XLK|f|5284|25.46|4825625
GIC|XLI|f|5281|7.04|817301
GIII|XLY|f|5123|17.48|9087242
GIL|XLY|f|5284|13.47|9789281
GILD|XLV|f|5281|27.41|340433963
GILT|XLK|f|5279|83.10|2036036
GIS|XLP|f|5284|23.88|93592793
GKOS|XLV|f|1391|43.41|22414438
GL|XLF|f|5284|36.08|28962829
GLDD|XLI|f|3528|6.53|2333317
GLNG|XLE|f|4468|16.07|16113547
GLOB|XLK|f|1626|62.06|17740078
GLP|XLE|f|3841|7.18|567979
GLPG|XLV|f|2270|73.32|9020089
GLPI|XLRE|f|1818|20.25|23392562
GLW|XLK|f|5284|15.74|160194756
GM|XLY|f|2547|27.21|375932709
GMAB|XLV|f|1769|16.01|3580030
GME|XLY|f|4755|4.17|53201923
GMED|XLV|f|2117|32.66|21321846
GNK|XLI|f|1563|15.95|1622074
GNL|XLRE|f|1408|8.24|3779840
GNRC|XLI|f|2742|47.19|32548525
GNTX|XLY|f|5284|10.00|21032100
GNW|XLF|f|4181|12.53|64597262
GO|XLP|f|388|36.59|37878748
GOGO|XLC|f|1897|11.25|19822402
GOLD|XLF|f|1701|5.49|275027
GOLF|XLY|f|1051|22.35|5958432
GOOD|XLRE|f|4378|6.01|633570
GOOG|XLC|f|4122|27.30|1991709243
GOOGL|XLC|f|4122|27.56|2059539892
GOOS|XLY|f|957|35.50|55663535
GOTU|XLP|f|398|43.26|181008957
GPC|XLY|f|5284|40.89|31484890
GPI|XLY|f|5284|42.54|12783252
GPK|XLY|f|5284|6.25|14885643
GPN|XLI|f|5023|43.77|65456643
GPRE|XLB|f|3725|14.80|8808221
GRBK|XLY|f|3413|16.06|1301859
GRC|XLI|f|5271|15.19|878995
GRFS|XLV|f|2413|14.89|15471675
GRMN|XLK|f|5047|30.02|48098469
GRPN|XLC|f|2304|113.06|64345040
GS|XLF|f|5284|118.27|619235412
GSAT|XLC|f|3564|31.98|3615427
GSBC|XLF|f|5250|20.33|550387
GSBD|XLF|f|1460|7.85|1190418
GSHD|XLF|f|676|46.53|8214686
GSK|XLV|f|5284|21.39|52096263
GSL|XLI|f|3116|13.28|225703
GSM|XLB|f|2877|10.20|6154578
GT|XLY|f|5284|16.84|58832585
GTES|XLI|f|740|13.20|6149159
GTLS|XLI|f|3635|46.41|19448955
GTX|XLY|f|577|9.77|10802606
GTY|XLRE|f|5251|10.03|1279428
GVA|XLI|f|5284|27.09|10961367
GWRE|XLK|f|2250|65.72|38714029
GWW|XLI|f|5284|124.93|71724554
GYRE|XLV|f|3685|4334.22|1075324
H|XLY|f|2808|52.04|30029434
HAE|XLV|f|5284|37.39|15374121
HAFC|XLF|f|5206|29.93|1741393
HAL|XLE|f|5284|24.21|294440096
HALO|XLV|f|4227|10.25|11375578
HAS|XLY|f|5284|30.87|42253090
HASI|XLF|f|1942|14.16|5921053
HBAN|XLF|f|5284|7.34|47757956
HBI|XLY|f|3620|11.14|50205779
HBNC|XLF|f|4476|24176.81|874854289
HBT|XLF|f|309|11.36|995074
HCA|XLV|f|2471|71.39|181266291
HCC|XLB|f|937|16.23|14637203
HCI|XLF|f|3103|22.74|2324928
HCM|XLV|f|1208|24.29|4139629
HCSG|XLV|f|5278|14.54|7136068
HD|XLY|f|5284|61.66|394972071
HDB|XLF|f|4885|8.39|31906138
HE|XLU|f|5284|16.73|7464860
HEI|XLI|f|5284|25.75|11463070
HELE|XLP|f|5284|51.16|11055308
HES|XLE|f|5284|42.23|152432195
HESM|XLE|f|943|11.29|1609486
HFWA|XLF|f|5194|11.54|915732
HGV|XLY|f|1019|31.62|31799925
HHH|XLRE|f|2556|93.19|19148675
HI|XLI|f|3220|21.86|6687219
HIFS|XLF|f|4098|77.51|278471
HIG|XLF|f|5284|34.83|95727569
HII|XLI|f|2463|116.20|41939337
HIMS|XLV|f|266|10.38|2821608
HIMX|XLK|f|3715|3.25|11203335
HIW|XLRE|f|5284|15.89|10859374
HL|XLB|f|5283|4.22|22789842
HLF|XLP|f|4039|23.58|71854316
HLI|XLF|f|1357|35.13|9993625
HLIO|XLI|f|4960|20.97|2408973
HLIT|XLK|f|5284|8.57|11375788
HLNE|XLF|f|968|41.51|7682219
HLT|XLY|f|1776|65.14|171788996
HLX|XLE|f|5284|16.14|21387060
HMC|XLY|f|5284|17.09|10534807
HMN|XLF|f|5284|15.90|2758129
HMY|XLB|f|5284|6.59|16471496
HNI|XLY|f|5284|21.76|4189390
HNRG|XLE|f|3226|5.64|329833
HOG|XLY|f|5284|32.54|72429631
HOLX|XLV|f|5284|22.60|60878814
HOMB|XLF|f|3657|9.91|5935384
HON|XLI|f|5284|51.72|196912929
HOPE|XLF|f|5242|7.56|2973874
HOV|XLY|f|5281|286.38|20094992
HP|XLE|f|5284|24.14|38301263
HPE|XLK|f|1311|10.40|115437041
HPK|XLE|f|608|9.32|1589246
HPQ|XLK|f|5284|10.28|261402896
HQY|XLV|f|1618|48.71|33200435
HR|XLRE|f|5284|7.47|5119632
HRB|XLY|f|5284|13.02|39091479
HRI|XLI|f|3555|42.88|62953434
HRL|XLP|f|5284|13.86|30034598
HROW|XLV|f|2800|14.46|439599
HRTG|XLF|f|1665|13.62|2791072
HSBC|XLF|f|5284|24.82|39472219
HSIC|XLV|f|5284|32.12|39603378
HSII|XLI|f|5284|19.32|2948125
HST|XLRE|f|5284|9.33|60303650
HSTM|XLV|f|5142|12.72|1689781
HSY|XLP|f|5284|50.44|59055287
HTB|XLF|f|2134|18.05|959524
HTBK|XLF|f|5192|6.88|503332
HTGC|XLF|f|3918|3.37|1524398
HTH|XLF|f|4252|13.57|4728332
HTHT|XLY|f|2712|13.50|20560604
HTLD|XLI|f|5284|12.88|6511210
HTO|XLU|f|5271|22.85|1786018
HUBB|XLI|f|5284|54.84|15273106
HUBG|XLI|f|5225|13.62|8425990
HUBS|XLK|f|1569|112.96|59609885
HUM|XLV|f|5284|99.45|132539436
HUN|XLB|f|4000|15.61|121056009
HURN|XLI|f|4084|44.95|8556113
HUT|XLF|f|665|7.42|128191
HUYA|XLC|f|666|9.06|31681885
HWC|XLF|f|5281|21.80|8257591
HWKN|XLB|f|5187|10.80|638792
HWM|XLI|f|1014|17.77|87657151
HXL|XLI|f|5284|26.30|17895056
HY|XLI|f|2078|49.95|3017274
HYMC|XLB|f|527|98.73|973507
HZO|XLY|f|5276|15.72|3554702
IAC|XLC|f|5284|11.71|98845463
IAG|XLB|f|4553|7.05|23466018
IART|XLV|f|5284|21.77|11776413
IAU|NA|f|4010|22.93|97247930
IBCP|XLF|f|5284|47.95|835748
IBKR|XLF|f|3439|7.81|19326078
IBM|XLK|f|5284|74.94|436780483
IBN|XLF|f|5223|5.56|51934948
IBOC|XLF|f|5284|17.30|3210110
IBP|XLY|f|1734|40.83|8518385
IBRX|XLV|f|1369|6.06|5478203
ICE|XLF|f|3807|38.22|163379615
ICFI|XLI|f|3590|37.02|3936152
ICHR|XLK|f|1022|23.80|14257794
ICL|XLB|f|3064|3.07|385816
ICLR|XLV|f|5265|46.84|15091267
ICUI|XLV|f|5284|77.29|11236915
IDA|XLU|f|5284|33.88|9067618
IDCC|XLK|f|5283|30.39|16277071
IDT|XLC|f|4932|10.10|1790564
IDXX|XLV|f|5284|71.42|42016467
IDYA|XLV|f|407|9.39|1482032
IEP|XLE|f|5252|9.34|843942
IEX|XLI|f|5284|49.76|19446360
IFF|XLB|f|5284|52.02|33436717
IFS|XLF|f|378|22.56|1547758
IGIC|XLF|f|533|6.64|508763
IHG|XLY|f|4461|23.45|4101001
IHRT|XLC|f|411|12.18|6203618
IIIN|XLI|f|5145|11.87|1818953
IIIV|XLK|f|638|24.12|4310494
IIPR|XLRE|f|1028|37.67|15157476
ILMN|XLV|f|5140|93.94|125025958
IMAX|XLC|f|5284|16.35|12486443
IMKTA|XLP|f|5284|17.98|1439090
IMO|XLE|f|5284|22.54|6830846
IMTX|XLV|f|383|10.60|1368075
IMVT|XLV|f|359|23.11|8777072
INCY|XLV|f|5284|38.36|60357490
INDB|XLF|f|5284|26.04|2313865
INDI|XLK|f|253|10.15|4865541
INFY|XLK|f|5284|4.21|50737617
ING|XLF|f|5284|9.40|15430575
INGR|XLP|f|5284|40.10|21425906
INMD|XLV|f|354|16.85|36594556
INN|XLRE|f|2491|7.65|4791548
INOD|XLK|f|5284|2.90|272711
INSP|XLV|f|672|72.81|22347119
INSW|XLE|f|1036|11.72|2618814
INTC|XLK|f|5284|21.83|898670018
INTU|XLK|f|5284|72.24|149963512
INVA|XLV|f|4087|15.45|11412564
INVH|XLRE|f|987|20.22|65040287
INVX|XLE|f|5284|44.59|19004476
IONS|XLV|f|5283|24.29|34513862
IOSP|XLB|f|5280|27.39|3200306
IOVA|XLV|f|2348|27.25|11322326
IP|XLY|f|5284|27.31|98465073
IPAR|XLP|f|5179|18.63|2119206
IPG|XLC|f|5284|11.40|43928050
IPGP|XLK|f|3537|81.19|34984158
IQ|XLC|f|696|21.80|240933998
IQV|XLV|f|1927|93.67|111238798
IR|XLI|f|917|27.31|52436844
IRDM|XLC|f|3154|11.09|8203591
IRM|XLRE|f|5284|12.38|21149461
IRMD|XLV|f|1629|16.84|1009005
IRS|XLRE|f|5222|5.76|455133
IRT|XLRE|f|1858|6.63|3450011
IRTC|XLV|f|1057|82.81|28943492
IRWD|XLV|f|2748|11.27|12490756
ISOU|XLE|f|615|1.89|14680
ISRG|XLV|f|5172|53.85|175013433
IT|XLK|f|5284|51.78|26753018
ITGR|XLV|f|5095|34.08|7006978
ITRI|XLK|f|5284|46.51|19262763
ITRN|XLK|f|3842|11.42|427286
ITT|XLI|f|5284|23.23|35733606
ITUB|XLF|f|4749|2.55|68471674
ITW|XLI|f|5284|55.05|104431094
IVR|XLRE|f|2900|35.06|5512824
IVZ|XLF|f|5284|13.38|39049996
IX|XLF|f|5278|3.50|528902
J|XLI|f|5284|34.28|39445899
JAZZ|XLV|f|3420|88.30|57808310
JBGS|XLRE|f|880|26.76|17236310
JBHT|XLI|f|5284|45.08|49056582
JBI|XLI|f|250|10.02|1962432
JBL|XLK|f|5284|20.41|45089055
JBLU|XLI|f|4715|12.53|69199990
JBSS|XLP|f|5249|20.82|1561972
JBTM|XLI|f|3135|47.55|8454226
JCI|XLI|f|5284|14.91|63102487
JD|XLY|f|1666|31.06|389992588
JEF|XLF|f|5284|17.00|24101967
JHG|XLF|f|906|18.37|20834972
JHX|XLB|f|4513|7.78|159888
JJSF|XLP|f|5282|54.43|3852847
JKHY|XLK|f|5284|45.64|21443060
JKS|XLK|f|2678|16.28|27407606
JLL|XLRE|f|5283|77.33|28650890
JMIA|XLY|f|435|13.24|98785994
JNJ|XLV|f|5284|56.43|484330922
JOE|XLRE|f|5284|26.47|13976040
JOUT|XLY|f|5143|22.66|672845
JOYY|XLC|f|2042|47.94|65323910
JPM|XLF|f|5284|39.47|746117040
K|XLP|f|5283|30.71|64654995
KAI|XLI|f|5284|35.32|1997689
KALU|XLB|f|3649|48.67|7883200
KALV|XLV|f|1443|21.31|1207929
KB|XLF|f|4824|26.74|7980782
KBH|XLY|f|5284|19.58|56157999
KBR|XLI|f|3555|19.90|34506066
KDP|XLP|f|3187|10.19|25885066
KE|XLI|f|1552|15.11|1056675
KEN|XLU|f|1280|5.21|17470
KEP|XLU|f|5284|11.36|6447077
KEX|XLI|f|5284|47.12|20891799
KEY|XLF|f|5284|10.50|68901501
KEYS|XLK|f|1562|57.50|79270722
KFY|XLI|f|5284|20.00|7134838
KGC|XLB|f|5284|7.09|49762642
KHC|XLP|f|2087|38.28|167478476
KIM|XLRE|f|5284|10.64|31859206
KKR|XLF|f|3339|14.47|39144476
KLAC|XLK|f|5284|62.77|207372013
KLIC|XLK|f|5284|11.33|10387765
KMB|XLP|f|5284|58.17|116654540
KMI|XLE|f|2489|14.99|166099420
KMPR|XLF|f|5284|27.93|5680095
KMT|XLI|f|5284|20.97|16042275
KMX|XLY|f|5284|35.04|69929677
KN|XLK|f|1733|17.91|19621953
KNSA|XLV|f|657|16.81|3751021
KNSL|XLF|f|1116|77.96|11365726
KNX|XLI|f|5283|17.50|23112143
KO|XLP|f|5284|21.98|321028681
KOD|XLV|f|565|39.52|15847952
KODK|XLI|f|1833|11.67|21926594
KOF|XLP|f|5284|37.54|3975470
KOP|XLB|f|3756|28.37|4379507
KOS|XLE|f|2428|7.66|13554445
KR|XLP|f|5284|11.50|109963788
KRC|XLRE|f|5284|28.45|15166957
KREF|XLRE|f|922|9.06|2290245
KRNT|XLI|f|1449|23.67|6166629
KRNY|XLF|f|3992|6.62|1673456
KRO|XLB|f|4297|7.50|2452890
KRP|XLE|f|984|6.89|569129
KRUS|XLY|f|359|17.54|1719634
KRYS|XLV|f|826|31.65|4494313
KSS|XLY|f|5284|28.99|109019430
KT|XLC|f|5284|9.45|6814762
KTB|XLY|f|416|24.67|21758976
KTOS|XLI|f|5284|59.54|7327437
KURA|XLV|f|1312|13.62|5445697
KW|XLRE|f|3175|10.50|4395183
KWR|XLB|f|5282|54.19|3806382
L|XLF|f|5284|32.41|51452123
LAD|XLY|f|5283|45.79|13152128
LADR|XLRE|f|1739|6.91|4472490
LAMR|XLRE|f|5284|28.82|21584472
LAR|XLB|f|3032|1.47|2144055
LASR|XLK|f|677|22.10|8020173
LAUR|XLP|f|987|6.83|5932723
LAZ|XLF|f|3943|21.15|16929953
LBRDA|XLC|f|1551|74.55|10625807
LBRDK|XLC|f|1551|80.37|52741958
LBRT|XLE|f|749|11.99|9026782
LBTYA|XLC|f|4176|11.09|23997817
LBTYB|XLC|f|1962|228.95|383447
LBTYK|XLC|f|3860|11.64|30775733
LC|XLF|f|1525|30.90|33438526
LCII|XLY|f|5153|30.26|4714657
LDOS|XLK|f|3579|36.48|33234254
LE|XLY|f|1710|20.57|6481377
LEA|XLY|f|2806|81.71|63447148
LECO|XLI|f|5284|35.29|13528946
LEG|XLY|f|5284|17.49|19612235
LEGH|XLY|f|516|13.56|653483
LEN|XLY|f|5284|27.11|93282707
LEU|XLE|f|5282|1147.34|6565016
LEVI|XLY|f|451|14.88|25038900
LFUS|XLK|f|5284|66.96|9450207
LGIH|XLY|f|1800|46.64|15802195
LGND|XLV|f|5284|37.19|17255052
LH|XLV|f|5284|72.00|66591308
LHX|XLI|f|5284|51.81|54299506
LII|XLI|f|5284|68.98|25720841
LILA|XLC|f|1386|21.17|6289388
LILAK|XLC|f|756|15.68|11896199
LIN|XLB|f|5284|74.55|123484916
LINC|XLP|f|3907|7.10|1007597
LIND|XLY|f|1660|11.20|1788947
LITE|XLK|f|1372|52.29|80015498
LIVN|XLV|f|5283|39.47|17246713
LKFN|XLF|f|5198|15.81|1167863
LKQ|XLY|f|4342|16.15|32119727
LLY|XLV|f|5284|49.10|240297847
LMAT|XLV|f|3526|12.93|1475494
LMB|XLI|f|1297|9.39|346039
LMT|XLI|f|5284|102.80|169322223
LNC|XLF|f|5284|28.16|54533504
LNG|XLE|f|5264|26.40|58030414
LNN|XLI|f|5284|48.19|7205727
LNT|XLU|f|5284|15.93|20271844
LNTH|XLV|f|1391|13.82|5908468
LNW|XLY|f|5284|17.60|18447618
LOB|XLF|f|1372|19.81|3269282
LOGI|XLK|f|5284|15.92|9248520
LOMA|XLB|f|797|6.73|3671266
LOPE|XLP|f|3049|51.33|18621652
LOW|XLY|f|5284|37.42|260267489
LPG|XLE|f|1676|4.44|1400794
LPL|XLK|f|4142|11.43|10025127
LPLA|XLF|f|2547|43.61|30861929
LPTH|XLK|f|5220|18.98|1484399
LPX|XLI|f|5284|14.09|25348448
LQDA|XLV|f|614|9.48|1536467
LQDT|XLY|f|3741|14.92|5561230
LRCX|XLK|f|5284|6.70|162237028
LRN|XLP|f|3286|21.39|7470184
LSCC|XLK|f|5284|9.20|14168323
LSPD|XLK|f|335|29.24|4131905
LSTR|XLI|f|5284|43.09|17946412
LTC|XLRE|f|5284|13.65|2672739
LULU|XLY|f|3383|78.45|180992498
LUMN|XLC|f|5284|12.26|57009465
LUV|XLI|f|5284|21.45|133089918
LVS|XLY|f|4040|38.95|245078548
LW|XLP|f|1042|55.20|71657226
LXP|XLRE|f|5284|21.60|4942749
LXRX|XLV|f|5216|26.11|3783679
LXU|XLB|f|5217|11.31|2917669
LYB|XLB|f|2690|41.97|131889769
LYFT|XLK|f|446|42.44|344471747
LYG|XLF|f|4808|4.71|6615797
LYTS|XLK|f|5281|6.06|613609
LYV|XLC|f|3788|25.38|38801406
LZB|XLY|f|5284|14.96|5884943
M|XLY|f|5284|17.36|117118305
MA|XLF|f|3677|88.93|514906286
MAA|XLRE|f|5284|38.36|19290147
MAAS|XLF|f|432|388.72|648110
MAC|XLRE|f|5284|22.60|25724563
MAIN|XLF|f|3328|12.41|3324895
MAMA|XLP|f|1447|1.23|23613
MAN|XLI|f|5284|42.95|29953586
MANH|XLK|f|5284|24.47|16323982
MANU|XLC|f|2112|16.17|1546947
MAR|XLY|f|5284|45.93|124407941
MARA|XLF|f|2005|32.19|8054807
MAS|XLI|f|5284|20.52|73127159
MASI|XLV|f|3375|60.85|28402337
MAT|XLY|f|5284|16.61|63024611
MATV|XLB|f|5284|15.06|3257221
MATW|XLI|f|5284|27.51|3383818
MATX|XLI|f|5283|18.19|6182093
MBIN|XLF|f|800|12.68|1105399
MBUU|XLY|f|1743|29.27|5597220
MBWM|XLF|f|5268|11.72|390066
MC|XLF|f|1691|21.10|7839514
MCB|XLF|f|792|38.78|1478844
MCBS|XLF|f|408|163265.04|136251414
MCD|XLY|f|5284|61.85|313727709
MCHB|XLF|f|2236|18.81|2850562
MCHP|XLK|f|5284|16.29|84505650
MCK|XLV|f|5284|82.76|142500050
MCO|XLF|f|5284|65.37|83783137
MCRI|XLY|f|5177|16.69|1403403
MCS|XLC|f|5284|13.23|1525196
MCY|XLF|f|5284|24.66|4968955
MD|XLV|f|5284|31.34|24063450
MDB|XLK|f|806|125.27|143799051
MDGL|XLV|f|3502|146.77|8734330
MDLZ|XLP|f|4920|26.00|200989112
MDT|XLV|f|5284|42.29|225797907
MDU|XLU|f|5284|5.37|4396715
MEDP|XLV|f|1106|59.71|21809412
MELI|XLY|f|3373|212.32|126395781
MEOH|XLB|f|5284|21.58|12758246
MET|XLF|f|5219|28.93|174672082
META|XLC|f|2170|123.19|3113610832
METC|XLB|f|985|4.56|599126
MFC|XLF|f|5284|9.83|17169233
MFG|XLF|f|3561|2.54|1095973
MFIC|XLF|f|4215|5.36|2549207
MGA|XLY|f|5284|19.88|28949276
MGEE|XLU|f|5284|27.67|2359929
MGIC|XLK|f|5281|3.39|397877
MGM|XLY|f|5284|23.78|153368714
MGNI|XLC|f|1701|9.29|9096247
MGPI|XLP|f|5188|17.61|2873873
MGRC|XLI|f|5282|21.33|2031307
MGTX|XLV|f|647|15.62|2239296
MGY|XLE|f|795|8.88|10991998
MHK|XLY|f|5284|100.50|68303296
MHO|XLY|f|5280|25.13|5037002
MIDD|XLI|f|5203|48.77|22975549
MIRM|XLV|f|369|16.32|2504248
MITK|XLK|f|5038|4.25|1633664
MKC|XLP|f|5284|24.56|36091803
MKL|XLF|f|5284|535.40|19264972
MKSI|XLK|f|5284|34.26|14218916
MKTX|XLF|f|4067|93.07|24546968
MLAB|XLK|f|4831|66.52|1756605
MLCO|XLY|f|3533|14.57|53763851
MLI|XLI|f|5284|7.47|4414069
MLKN|XLY|f|5284|19.86|8567117
MLM|XLB|f|5284|99.57|63897981
MMC|XLF|f|5284|38.36|87268454
MMI|XLRE|f|1805|28.07|4435485
MMM|XLI|f|5284|60.85|215980528
MMS|XLI|f|5284|25.71|10944650
MMSI|XLV|f|5283|18.34|6497519
MMYT|XLY|f|2616|23.33|6869957
MNKD|XLV|f|4137|28.00|12914097
MNRO|XLY|f|5258|24.87|6671248
MNST|XLP|f|5262|10.68|93564778
MO|XLP|f|5284|13.59|121579602
MOD|XLY|f|5284|15.50|2987828
MODG|XLY|f|5284|11.64|9992151
MOH|XLV|f|4407|49.89|35014013
MOMO|XLC|f|1525|15.66|61325404
MORN|XLF|f|3945|69.72|6614741
MOS|XLB|f|5284|26.07|121040109
MOV|XLY|f|5283|13.32|2238182
MPB|XLF|f|3620|13.10|59804
MPC|XLE|f|2398|33.72|207554722
MPLX|XLE|f|2058|15.97|19524150
MPT|XLRE|f|3899|5.43|13304273
MPW|XLRE|f|3898|5.42|13297262
MPWR|XLK|f|4057|53.71|18772235
MRCY|XLI|f|5284|26.29|8007439
MRK|XLV|f|5284|30.54|346809622
MRNA|XLV|f|521|39.62|688884718
MRO|XLE|f|5284|14.09|147506424
MRSH|XLF|f|5284|37.97|86383175
MRTN|XLI|f|4901|5.50|2032345
MRVL|XLK|f|5162|508.56|12070782462
MS|XLF|f|5284|27.74|297148338
MSA|XLI|f|5274|37.30|6270669
MSC|XLY|f|469|17.59|163610
MSCI|XLF|f|3305|83.70|50741525
MSEX|XLU|f|5283|18.73|819616
MSFT|XLK|f|5284|41.21|1721835945
MSGS|XLC|f|1330|162.93|43229544
MSI|XLK|f|5284|59.33|166674704
MSM|XLI|f|5284|31.58|14395006
MSTR|XLK|f|5284|12.65|21926231
MT|XLB|f|5284|34.37|73057852
MTB|XLF|f|5284|69.50|52799071
MTCH|XLC|f|5284|17.79|92506315
MTD|XLV|f|5284|236.56|42262091
MTDR|XLE|f|2244|17.78|26574306
MTG|XLF|f|5284|22.52|40059775
MTH|XLY|f|5280|16.36|16392118
MTN|XLY|f|5284|60.18|19814441
MTRN|XLB|f|5284|26.91|4142738
MTSI|XLK|f|2215|27.65|14761636
MTUS|XLB|f|1647|14.86|7341704
MTW|XLI|f|5284|14.92|27017201
MTX|XLB|f|5284|37.45|7874014
MTZ|XLI|f|5284|22.53|17692651
MU|XLK|f|5284|21.68|488539612
MUFG|XLF|f|5284|4.20|6279967
MUR|XLE|f|5284|24.29|50541789
MUSA|XLY|f|1857|72.27|28097943
MUX|XLB|f|5181|23.67|42964622
MVST|XLY|f|406|10.28|7482014
MWA|XLI|f|3676|7.27|7470943
MXL|XLK|f|2714|14.80|8377969
MYE|XLY|f|5284|8.95|1203461
MYGN|XLV|f|5284|22.14|27699531
MYRG|XLI|f|3116|25.50|3052685
MZTI|XLP|f|5284|54.95|6402411
NAK|XLB|f|4207|4.32|2813893
NAT|XLE|f|5277|4.33|3822959
NAVI|XLF|f|1690|9.07|25036195
NBHC|XLF|f|2084|21.58|3601265
NBIS|XLC|f|2419|29.54|82574696
NBIX|XLV|f|5284|37.28|27957686
NBN|XLF|f|4277|12.96|188016
NBR|XLE|f|5284|768.26|88465333
NBTB|XLF|f|5284|15.77|1609671
NCLH|XLY|f|2003|43.24|140252959
NDAQ|XLF|f|4641|12.28|48097755
NDSN|XLI|f|5284|50.85|14776380
NEE|XLU|f|5284|15.38|128527961
NEGG|XLY|f|2636|400.06|423168
NEM|XLB|f|5284|28.09|193296040
NEO|XLV|f|5010|6.80|3351981
NEOG|XLV|f|5284|11.82|4910535
NESR|XLE|f|860|8.70|1191578
NET|XLK|f|329|33.23|165705911
NEU|XLB|f|5284|152.45|9058712
NEWP|XLB|f|1872|1.81|132690
NEXA|XLB|f|800|8.65|1474700
NEXT|XLE|f|1065|6.15|450657
NFBK|XLF|f|3310|8.55|1135903
NFG|XLE|f|5284|28.70|13721045
NFLX|XLC|f|4686|8.76|961919135
NG|XLB|f|4301|6.54|12551504
NGD|XLB|f|4025|5.17|13133325
NGG|XLU|f|3883|28.75|12396855
NGL|XLE|f|2427|9.72|5676640
NGVC|XLP|f|2124|12.70|1706414
NGVT|XLB|f|1177|69.74|21539350
NHC|XLV|f|5259|31.60|796196
NHI|XLRE|f|5284|21.63|3975651
NI|XLU|f|5284|8.42|32280327
NIC|XLF|f|1628|45.15|959546
NICE|XLK|f|5283|47.76|10742995
NIO|XLY|f|581|9.51|1148579170
NJR|XLU|f|5284|14.77|6820841
NKE|XLY|f|5284|27.69|243201752
NKTR|XLV|f|5281|268.30|28416094
NLY|XLRE|f|5284|8.91|21852005
NMFC|XLF|f|2421|4.70|1812594
NMIH|XLF|f|1799|14.72|7799406
NMM|XLI|f|3307|73.70|2131994
NMR|XLF|f|4794|5.30|2131503
NMRK|XLRE|f|766|8.79|7522802
NNI|XLF|f|4294|29.46|3252555
NNN|XLRE|f|5284|14.59|15136249
NOAH|XLF|f|2553|17.08|5974596
NOC|XLI|f|5284|97.00|126019821
NOK|XLK|f|5284|7.96|133238929
NOMD|XLP|f|1418|15.11|14770478
NOV|XLE|f|5284|29.17|140361068
NOVT|XLK|f|5283|30.25|3631892
NOW|XLK|f|2141|28.49|255931600
NPK|XLI|f|5284|43.69|1427012
NPKI|XLE|f|5284|6.97|4706077
NPO|XLI|f|4685|37.78|6235012
NRG|XLU|f|4300|19.69|73539430
NRIM|XLF|f|5243|3.49|220349
NRP|XLE|f|4588|48.99|1076890
NSA|XLRE|f|1435|17.16|7086135
NSC|XLI|f|5284|57.65|120262268
NSIT|XLK|f|5284|25.06|7558247
NSP|XLI|f|5284|19.59|8198447
NSSC|XLI|f|5158|3.15|571970
NTAP|XLK|f|5284|28.44|147376277
NTB|XLF|f|1253|36.31|5258572
NTCT|XLK|f|5284|18.38|8397977
NTES|XLC|f|5074|16.32|85630428
NTGR|XLK|f|4387|20.40|9005394
NTLA|XLV|f|1173|19.61|14083027
NTNX|XLK|f|1071|32.18|108987580
NTR|XLB|f|756|36.87|59575067
NTRA|XLV|f|1386|22.47|14047678
NTRS|XLF|f|5284|44.32|61378754
NUE|XLB|f|5284|28.54|97342594
NVAX|XLV|f|5284|79.83|31361056
NVCR|XLV|f|1322|41.77|37032369
NVDA|XLK|f|5284|1.44|767374573
NVGS|XLE|f|1981|14.87|3028768
NVMI|XLK|f|5050|11.25|1356445
NVO|XLV|f|5284|9.78|29502192
NVR|XLY|f|5284|1157.11|46413423
NVRI|XLI|f|5284|19.59|10484632
NVS|XLV|f|5284|34.41|69822446
NVST|XLV|f|326|25.07|65368436
NVT|XLI|f|684|20.34|25172106
NWBI|XLF|f|5283|5.44|2453829
NWE|XLU|f|4070|26.36|7945576
NWG|XLF|f|3330|10.22|4242366
NWL|XLP|f|5284|14.98|47618316
NWN|XLU|f|5284|25.93|3541364
NWPX|XLB|f|5263|23.55|1323779
NWSA|XLC|f|1899|12.88|40772457
NX|XLI|f|5284|16.59|5293601
NXE|XLE|f|1611|1.47|408233
NXPI|XLK|f|2620|64.87|233328707
NXRT|XLRE|f|1459|20.80|2844490
NXST|XLC|f|4299|26.25|13161078
NYT|XLC|f|5284|19.92|22820819
O|XLRE|f|5284|19.03|33286996
OBDC|XLF|f|367|7.22|6017371
OBE|XLE|f|3807|52.87|13443803
OBK|XLF|f|715|29.57|1995442
OC|XLI|f|3583|35.07|49214494
OCFC|XLF|f|5284|10.81|979108
OCGN|XLV|f|1529|137.75|4221069
OCSL|XLF|f|3162|6.82|1987166
OCUL|XLV|f|1622|9.78|5140303
ODC|XLB|f|5142|7.98|173052
ODFL|XLI|f|5217|16.24|29382894
OFG|XLF|f|5284|9.69|2599330
OFIX|XLV|f|5284|36.50|4001552
OGE|XLU|f|5284|13.63|14818097
OGS|XLU|f|1753|50.20|12662587
OHI|XLRE|f|5284|8.44|12565481
OI|XLY|f|5284|20.84|32851251
OII|XLE|f|5284|23.92|29925804
OIS|XLE|f|5005|24.52|18250355
OKE|XLE|f|5284|15.88|35581558
OKTA|XLK|f|941|97.17|179830845
OLED|XLK|f|5284|42.97|30515133
OLLI|XLP|f|1377|55.35|51982024
OLN|XLB|f|5284|12.89|17708244
OMAB|XLI|f|3543|17.08|1231205
OMC|XLC|f|5284|35.10|74238913
OMCL|XLV|f|4882|26.73|8030889
OMER|XLV|f|2828|12.11|7387413
OMF|XLF|f|1816|14.84|9634873
ON|XLK|f|5203|9.80|60614686
ONB|XLF|f|5284|9.85|5192159
ONC|XLV|f|1238|120.07|39420693
ONTO|XLK|f|5284|17.40|3991131
OPCH|XLV|f|5284|22.47|3396709
OPK|XLV|f|5242|4.35|12859743
OPLN|XLY|f|2783|11.81|29144063
OPRA|XLC|f|613|6.74|1952450
OPTU|XLC|f|889|23.28|113836238
OPY|XLF|f|5237|17.10|650630
OR|XLB|f|1612|9.80|4406791
ORA|XLU|f|4063|35.92|7411821
ORC|XLRE|f|1985|9.40|1130783
ORCL|XLK|f|5284|24.96|613720531
ORI|XLF|f|5284|6.19|9019870
ORKA|XLV|f|4452|138555.28|1155669
ORLY|XLY|f|5284|8.08|99410497
ORN|XLI|f|3280|8.99|1793550
ORRF|XLF|f|3985|15.74|179474
OSBC|XLF|f|5213|11.32|544226
OSIS|XLK|f|5284|43.01|8345801
OSK|XLI|f|5284|33.97|26851183
OSW|XLY|f|645|10.35|5816338
OTEX|XLK|f|5284|12.77|11518491
OTTR|XLI|f|5284|18.89|1873619
OUT|XLRE|f|1704|14.22|16590144
OXM|XLY|f|5282|30.83|4620731
OXY|XLE|f|5284|37.15|214005124
OZK|XLF|f|5266|12.74|10764512
PAA|XLE|f|5284|9.20|14462299
PAAS|XLB|f|5284|13.55|23363042
PAC|XLI|f|3732|38.37|3760541
PACB|XLV|f|2563|5.96|8754940
PAG|XLY|f|5284|19.92|9625371
PAGP|XLE|f|1816|17.43|19570751
PAGS|XLK|f|741|30.76|75715691
PAHC|XLV|f|1694|24.67|3725419
PAM|XLI|f|2827|20.40|6384670
PANL|XLI|f|1675|2.72|68998
PANW|XLK|f|2127|24.69|213824161
PAR|XLK|f|5247|8.86|1067708
PARA|XLC|f|5284|27.06|140532027
PARR|XLE|f|2029|17.41|3491027
PATK|XLY|f|4901|10.13|2904748
PAYC|XLK|f|1692|115.26|76695924
PAYX|XLK|f|5284|28.18|66824926
PB|XLF|f|5251|28.90|11049345
PBA|XLE|f|2569|17.53|7590399
PBF|XLE|f|2027|21.44|42060910
PBH|XLV|f|4001|25.04|10079886
PBI|XLI|f|5282|11.12|18012160
PBR|XLE|f|5131|4.38|75349236
PBT|XLE|f|5282|4.51|848718
PCAR|XLI|f|5284|18.59|64503761
PCG|XLU|f|5284|29.06|96961460
PCH|XLRE|f|5284|16.38|5748634
PCRX|XLV|f|2495|43.84|27655571
PCTY|XLK|f|1711|63.74|22014321
PD|XLK|f|436|31.00|37008336
PDD|XLY|f|614|46.60|395228623
PDFS|XLK|f|4889|12.05|1736894
PDM|XLRE|f|3104|10.73|8696468
PDS|XLE|f|5284|170.14|10130473
PEB|XLRE|f|2785|22.73|17943899
PEBO|XLF|f|5238|12.02|444214
PEG|XLU|f|5284|21.58|61600483
PEGA|XLK|f|5284|10.86|7233456
PEN|XLV|f|1332|119.63|42706093
PENG|XLK|f|909|14.44|13745605
PENN|XLY|f|5284|11.17|26972449
PEP|XLP|f|5284|51.46|261376336
PFBC|XLF|f|4048|41.00|1421740
PFE|XLV|f|5284|15.09|447674411
PFG|XLF|f|4830|26.64|42270982
PFGC|XLP|f|1323|31.94|24979859
PFIS|XLF|f|3094|24.32|176417
PFLT|XLF|f|2450|4.48|592296
PFS|XLF|f|4522|10.06|2554605
PFSI|XLF|f|1927|20.09|6845623
PG|XLP|f|5284|47.14|435967119
PGC|XLF|f|5042|18.78|560744
PGEN|XLV|f|1864|19.57|26937814
PGNY|XLV|f|299|27.09|22113600
PGR|XLF|f|5284|20.30|71303662
PH|XLI|f|5284|71.44|88652726
PHAT|XLV|f|299|34.98|3296291
PHG|XLV|f|5284|20.24|21001384
PHI|XLC|f|5284|15.46|2142360
PHM|XLY|f|5284|17.33|85052039
PHR|XLV|f|369|30.17|12794084
PI|XLK|f|1121|27.56|14136596
PII|XLY|f|5284|41.41|34486663
PINC|XLV|f|1830|29.04|15093434
PINS|XLC|f|431|30.23|386094623
PIPR|XLF|f|4288|9.31|5980239
PJT|XLF|f|1330|37.56|5395094
PK|XLRE|f|1020|14.21|35462110
PKE|XLI|f|5284|8.20|789193
PKG|XLY|f|5266|32.65|27704379
PKI|XLV|f|5284|36.95|33200605
PKX|XLB|f|5284|38.38|16600674
PLAB|XLK|f|5284|12.47|7375310
PLAY|XLC|f|1568|41.23|46862197
PLD|XLRE|f|5284|28.67|63159990
PLMR|XLF|f|432|58.33|18342914
PLNT|XLY|f|1362|41.31|56486471
PLOW|XLY|f|2685|18.65|1992341
PLPC|XLI|f|4707|39.21|324247
PLSE|XLV|f|1161|14.37|2120937
PLUG|XLI|f|5284|54.49|27109598
PLUS|XLK|f|5277|13.09|2255359
PLXS|XLK|f|5284|34.71|12056331
PM|XLP|f|3223|45.90|254384431
PMT|XLRE|f|2877|5.77|4101507
PNC|XLF|f|5284|50.55|128393951
PNFP|XLF|f|4920|27.32|7325491
PNR|XLI|f|5284|22.57|33853484
PNTG|XLV|f|317|29.64|4827247
PNW|XLU|f|5284|30.34|24795342
PODD|XLV|f|3434|51.15|28095245
POET|XLK|f|2445|5.44|30041
POOL|XLI|f|5284|54.10|16299820
POR|XLU|f|3715|21.67|13689497
POST|XLP|f|2248|44.89|29859734
POWI|XLK|f|5284|18.86|9925485
POWL|XLI|f|5267|7.76|1193170
PPC|XLP|f|5284|12.58|12903292
PPG|XLB|f|5284|46.73|82432765
PPL|XLU|f|5284|15.02|58705137
PR|XLE|f|1158|10.02|22794658
PRA|XLF|f|5284|20.90|5513952
PRAA|XLF|f|4568|27.03|11406291
PRDO|XLP|f|5284|17.07|25574353
PRG|XLI|f|4490|20.29|13348308
PRGO|XLV|f|5284|45.27|54636249
PRGS|XLK|f|5284|20.02|7110366
PRI|XLF|f|2708|56.10|15037787
PRIM|XLI|f|3380|15.67|3431726
PRK|XLF|f|5282|46.30|1502501
PRKS|XLY|f|1941|21.37|33060918
PRLB|XLI|f|2229|79.84|20530482
PRM|XLB|f|2900|14.48|811860
PRMB|XLP|f|5284|9.54|5563777
PRSU|XLY|f|5284|25.64|2732711
PRU|XLF|f|4796|40.61|110724252
PSA|XLRE|f|5284|76.52|67524043
PSEC|XLF|f|4139|1.96|3708825
PSIX|XLI|f|2062|24.70|1602127
PSMT|XLP|f|5264|41.41|5832962
PSN|XLK|f|418|35.95|15133986
PSNL|XLV|f|388|16.90|9789264
PSO|XLC|f|5283|8.26|2221295
PSTG|XLK|f|1319|16.50|46900963
PSTL|XLRE|f|413|10.75|377417
PSX|XLE|f|2196|55.50|171866502
PTC|XLK|f|5284|32.17|35899844
PTCT|XLV|f|1898|31.81|23873681
PTEN|XLE|f|5284|13.93|50111330
PTGX|XLV|f|1106|13.34|3531296
PTON|XLY|f|320|58.24|833513869
PUK|XLF|f|5161|17.38|4517622
PUMP|XLE|f|956|13.07|20249326
PVH|XLY|f|5284|61.87|60728809
PVLA|XLV|f|1457|282.93|1814044
PWR|XLI|f|5284|23.97|40613389
PXD|XLE|f|5284|66.38|115518260
PYPL|XLF|f|1385|83.47|689157356
PZZA|XLY|f|5284|23.74|14751417
QCOM|XLK|f|5284|36.70|553826864
QCRH|XLF|f|4694|18.81|490247
QDEL|XLV|f|5284|26.33|13168252
QFIN|XLF|f|516|9.05|5688755
QGEN|XLV|f|5283|20.61|18053455
QLYS|XLK|f|2078|51.27|19034266
QNST|XLC|f|2742|9.78|3679128
QRVO|XLK|f|5284|49.99|89899075
QSR|XLY|f|1526|40.95|68087274
QTWO|XLK|f|1710|46.51|16671615
QURE|XLV|f|1740|27.34|12321620
R|XLI|f|5284|33.94|23004749
RACE|XLY|f|1309|107.56|52394074
RAMP|XLK|f|5284|22.91|15489793
RAPT|XLV|f|295|202.43|4970137
RARE|XLV|f|1743|65.73|32467719
RBA|XLI|f|5278|16.66|7602351
RBC|XLI|f|3876|62.15|6590161
RBCAA|XLF|f|5279|15.72|440940
RC|XLRE|f|1989|5.13|745853
RCI|XLC|f|5284|19.89|7986758
RCL|XLY|f|5284|43.81|109401869
RCUS|XLV|f|706|14.90|6154074
RDN|XLF|f|5284|19.39|27865023
RDNT|XLV|f|5192|5.23|1278093
RDVT|XLK|f|699|13.46|895514
RDWR|XLK|f|5284|13.43|4722700
RDY|XLV|f|4963|4.53|6880042
REAL|XLY|f|382|15.97|29005664
REG|XLRE|f|5284|28.62|21890740
REGN|XLV|f|5284|165.75|144664917
RELX|XLI|f|5284|8.68|2328592
REPL|XLV|f|618|18.24|5121730
RES|XLE|f|5280|6.99|10070391
REX|XLB|f|5283|5.71|2561422
REXR|XLRE|f|1878|21.32|13594661
REZI|XLI|f|558|15.33|24262602
RF|XLF|f|5284|9.84|78253545
RGA|XLF|f|5282|54.84|19901031
RGEN|XLV|f|5284|20.65|8474649
RGLD|XLB|f|5278|42.64|27402733
RGR|XLI|f|5282|68.07|19010754
RH|XLY|f|2055|105.66|110624446
RHI|XLI|f|5284|25.30|29109033
RHP|XLRE|f|5284|25.15|9467095
RIG|XLE|f|5284|32.89|195352144
RIGL|XLV|f|5054|116.11|4434567
RIO|XLB|f|5284|17.79|45175242
RIOT|XLF|f|4208|261.44|6612268
RITM|XLRE|f|1932|5.69|19530867
RJET|XLI|f|603|88.16|2369834
RJF|XLF|f|5284|22.10|27142656
RL|XLY|f|5284|67.71|70498432
RLI|XLF|f|5284|12.86|4708942
RLJ|XLRE|f|2428|13.35|14641050
RMBS|XLK|f|5284|16.79|59784072
RMD|XLV|f|5284|40.12|34890340
RMR|XLRE|f|1272|25.43|1667369
RNG|XLK|f|1829|76.82|74865537
RNR|XLF|f|5284|69.57|27326458
RNST|XLF|f|5247|16.44|2086714
ROAD|XLI|f|671|15.31|3239869
ROCK|XLI|f|5279|21.23|3755277
ROG|XLK|f|5284|58.95|7061834
ROK|XLI|f|5284|66.37|67093388
ROKU|XLC|f|821|97.24|1053808334
ROL|XLY|f|5284|7.46|10368382
ROP|XLK|f|5284|109.18|53690959
ROST|XLY|f|5284|28.25|95849981
RPC|XLF|f|880|2.18|88913
RPM|XLB|f|5284|23.61|16847681
RRBI|XLF|f|421|44.14|580064
RRC|XLE|f|5284|28.92|80062179
RRR|XLY|f|1180|18.04|14408388
RRX|XLI|f|5284|42.25|11939126
RS|XLB|f|5284|39.47|24844715
RSG|XLI|f|5284|28.78|42619748
RTO|XLI|f|4457|11.60|283912
RTX|XLI|f|5284|33.43|152390211
RUN|XLK|f|1363|14.48|45563304
RUSHA|XLY|f|4603|8.77|3406427
RUSHB|XLY|f|5179|7.41|274648
RVLV|XLY|f|397|20.24|30561559
RVTY|XLV|f|5284|36.65|31455418
RWT|XLRE|f|5283|5.68|3231694
RY|XLF|f|5284|29.54|24199215
RYAAY|XLI|f|5284|15.84|20115844
RYAM|XLB|f|1650|12.48|9380112
RYI|XLI|f|1612|8.01|1952744
RYN|XLRE|f|5284|12.12|11644059
RYTM|XLV|f|816|24.83|5509502
SA|XLB|f|4205|14.68|6023015
SABR|XLK|f|1690|10.16|26341299
SAFE|XLRE|f|5284|31.38|3545348
SAFT|XLF|f|4558|30.08|1707896
SAH|XLY|f|5284|15.80|5858762
SAIA|XLI|f|4610|31.74|7231268
SAIC|XLK|f|1838|57.27|20836670
SAM|XLP|f|5284|130.62|16886558
SAN|XLF|f|5284|3.78|17190941
SANM|XLK|f|5284|40.82|43384391
SAP|XLK|f|5284|52.37|64051694
SATS|XLC|f|3275|25.38|6227758
SB|XLI|f|3172|3.39|1059657
SBAC|XLRE|f|5283|66.72|66814875
SBCF|XLF|f|5263|35.83|1802419
SBGI|XLC|f|5284|10.21|11806684
SBH|XLY|f|3558|17.90|28238759
SBLK|XLI|f|3739|75.93|1331302
SBR|XLE|f|5284|13.06|333473
SBRA|XLRE|f|4644|9.12|5573621
SBS|XLU|f|4686|0.89|8391325
SBSI|XLF|f|5219|11.77|1091570
SBSW|XLB|f|1988|5.41|12414166
SBUX|XLY|f|5284|23.97|265613282
SCCO|XLB|f|5284|14.22|33200836
SCHL|XLC|f|5284|25.62|6097426
SCHW|XLF|f|5284|19.88|169871035
SCI|XLY|f|5284|13.86|15389789
SCL|XLB|f|5269|33.56|2697655
SCSC|XLK|f|5284|28.39|4750677
SCVL|XLY|f|5284|7.37|2403930
SCZM|XLB|f|1697|1.33|11631
SD|XLE|f|1069|7.87|2397883
SE|XLY|f|805|47.67|186772891
SEB|XLI|f|5204|1989.54|1834602
SEDG|XLK|f|1454|60.41|68820140
SEE|XLY|f|5284|22.76|36705530
SEI|XLE|f|917|9.93|4402166
SEIC|XLF|f|5284|26.17|20987204
SEM|XLV|f|2837|6.10|8024825
SENEA|XLP|f|4463|26.08|593796
SENEB|XLP|f|2365|25.50|33368
SF|XLF|f|5235|11.83|11020020
SFBS|XLF|f|1672|26.70|4511091
SFL|XLI|f|4169|4.47|2726637
SFM|XLP|f|1869|25.48|46969052
SFNC|XLF|f|5260|10.67|2450882
SGI|XLY|f|4289|9.91|47203367
SGRY|XLV|f|1323|15.20|5140892
SHAK|XLY|f|1492|51.23|51438850
SHBI|XLF|f|4776|10.91|175495
SHEL|XLE|f|5283|28.07|81163797
SHEN|XLC|f|5103|8.69|1467545
SHG|XLF|f|4339|21.83|1997558
SHO|XLRE|f|4078|9.06|13776958
SHOO|XLY|f|5283|11.98|10522252
SHOP|XLK|f|1415|24.28|520516393
SHW|XLB|f|5284|49.96|110094508
SIBN|XLV|f|556|19.00|3571161
SID|XLB|f|5270|2.12|11554449
SIFY|XLC|f|5284|52.47|2816176
SIG|XLY|f|5075|37.00|33245098
SIGI|XLF|f|5284|22.26|5083682
SII|XLF|f|2230|19.90|365565
SIM|XLB|f|4584|7.94|585845
SIMO|XLK|f|3904|18.79|8928097
SIRI|XLC|f|5284|47.50|101031772
SITC|XLRE|f|5284|1.15|1608468
SITE|XLI|f|1169|71.25|26276130
SITM|XLK|f|281|49.76|6737760
SIVB|XLF|f|4783|96.21|50150778
SJM|XLP|f|5284|49.11|38842840
SKE|XLB|f|1164|4.11|51442
SKM|XLC|f|5284|11.96|6485095
SKT|XLRE|f|5284|10.78|10780626
SKY|XLY|f|5280|17.86|2192728
SKYW|XLI|f|5284|21.96|9527709
SLAB|XLK|f|5227|49.21|28337729
SLB|XLE|f|5284|40.72|353540909
SLF|XLF|f|5228|17.94|7335170
SLG|XLRE|f|5284|39.40|28515845
SLGN|XLY|f|5275|14.71|8977696
SLI|XLB|f|874|1.00|79218
SLM|XLF|f|5284|7.88|61651875
SLRC|XLF|f|2744|7.66|1388890
SLS|XLV|f|3090|45944.53|4415572
SM|XLE|f|5284|28.01|35101763
SMBC|XLF|f|4094|13.23|159425
SMBK|XLF|f|2844|20.51|225793
SMCI|XLK|f|3466|1.80|6850234
SMG|XLB|f|5284|36.07|16037794
SMMT|XLV|f|1441|7.11|374195
SMP|XLY|f|5283|17.46|1799136
SMPL|XLP|f|1001|18.39|13645359
SMTC|XLK|f|5284|26.77|20839095
SNA|XLI|f|5284|59.92|27461203
SNAP|XLC|f|967|16.57|463257292
SNDA|XLV|f|5272|142.47|1721782
SNDR|XLI|f|942|19.24|13318260
SNDX|XLV|f|1218|10.83|3408423
SNEX|XLF|f|5020|6.55|1739608
SNN|XLV|f|5257|17.94|6845033
SNPS|XLK|f|5284|45.84|55430993
SNV|XLF|f|5283|28.44|21168456
SNX|XLK|f|4305|25.21|6880064
SNY|XLV|f|4660|23.28|39872101
SO|XLU|f|5284|21.55|96122392
SON|XLY|f|5284|22.40|9744423
SONO|XLK|f|609|13.35|35969056
SONY|XLK|f|5284|6.89|36283603
SPB|XLP|f|5159|39.19|5742236
SPFI|XLF|f|417|14.80|514081
SPG|XLRE|f|5284|56.83|106423255
SPGI|XLF|f|5284|72.12|104289806
SPH|XLU|f|5284|9.42|1611469
SPLK|XLK|f|2191|82.63|158527595
SPNT|XLF|f|1859|11.89|5396995
SPOT|XLC|f|694|172.10|323982859
SPSC|XLK|f|2694|31.63|7371817
SPXC|XLI|f|5284|18.66|30898308
SQM|XLB|f|5256|19.77|14895942
SR|XLU|f|5284|26.34|5192836
SRCE|XLF|f|5284|20.50|818294
SRE|XLU|f|5284|23.01|65154875
SRPT|XLV|f|5284|38.33|38348763
SRRK|XLV|f|657|18.07|9451280
SSB|XLF|f|5230|33.28|3272576
SSD|XLB|f|5284|29.45|7011996
SSL|XLB|f|5284|20.06|7308252
SSNC|XLK|f|2709|28.18|34919565
SSRM|XLB|f|5284|12.84|14099544
SSTK|XLC|f|2069|39.55|11516806
SSYS|XLK|f|5278|27.22|21452891
ST|XLK|f|2723|37.90|40295578
STAA|XLV|f|5283|11.59|3652712
STAG|XLRE|f|2445|14.75|10705417
STBA|XLF|f|5283|16.92|1528081
STC|XLF|f|5282|21.15|3127003
STE|XLV|f|5284|43.28|21169011
STEL|XLF|f|792|24.25|1575206
STGW|XLC|f|5246|7.10|1817481
STKL|XLP|f|5283|6.24|2607361
STLA|XLY|f|2101|5.39|26082848
STLD|XLB|f|5284|13.58|45189606
STM|XLK|f|5284|12.97|27188242
STN|XLI|f|3931|17.26|598459
STNE|XLK|f|550|30.90|81892651
STNG|XLE|f|2709|43.95|10542335
STOK|XLV|f|389|29.30|5001072
STRA|XLP|f|5284|74.84|13316036
STRL|XLI|f|4680|11.77|1520835
STT|XLF|f|5284|41.43|116440621
STWD|XLRE|f|2868|7.54|14724905
STX|XLK|f|4546|19.23|95552314
STZ|XLP|f|5284|58.77|92236524
SU|XLE|f|5284|17.27|82682338
SUI|XLRE|f|5284|32.67|12273275
SUN|XLE|f|2084|14.18|5157553
SUPN|XLV|f|2183|22.10|13647912
SUPV|XLF|f|1164|10.53|6046312
SUZ|XLB|f|1683|5.86|784405
SVM|XLB|f|2991|3.83|6610572
SW|XLY|f|811|18.88|72155
SWK|XLI|f|5284|53.58|61652229
SWKS|XLK|f|5282|32.70|90547105
SWX|XLU|f|5284|28.94|6522882
SXC|XLB|f|2379|8.28|5269243
SXI|XLI|f|5284|39.39|1991099
SXT|XLB|f|5284|29.92|7378491
SYBT|XLF|f|5249|14.79|687559
SYF|XLF|f|1618|25.02|149149327
SYK|XLV|f|5284|68.60|103275355
SYNA|XLK|f|4766|36.09|32038202
SYRE|XLV|f|1194|177.38|1081993
SYY|XLP|f|5284|26.18|82530435
T|XLC|f|5284|9.00|302501725
TAC|XLU|f|4885|8.04|604254
TAK|XLV|f|3199|13.01|5431719
TAL|XLP|f|2567|18.07|65856225
TAP|XLP|f|5284|35.37|55013501
TATT|XLI|f|4711|5.18|107159
TBBK|XLF|f|4259|11.65|1580391
TBPH|XLV|f|1663|23.76|6552243
TCBI|XLF|f|4378|38.21|17113347
TCBK|XLF|f|5256|15.54|865996
TCMD|XLV|f|1116|40.70|8840648
TCOM|XLY|f|4296|21.73|106744530
TD|XLF|f|5284|19.69|26371008
TDAY|XLC|f|1741|9.73|5436653
TDC|XLK|f|3351|35.56|59728943
TDG|XLI|f|3727|124.20|56974397
TDOC|XLV|f|1387|64.22|143242604
TDS|XLC|f|5284|16.91|8517039
TDW|XLE|f|5284|882.92|26923735
TDY|XLK|f|5284|84.94|17021577
TEAM|XLK|f|1274|84.53|130794285
TECH|XLV|f|5284|18.99|15349896
TECK|XLB|f|4463|18.89|58080708
TEL|XLK|f|3413|45.79|88019357
TEN|XLE|f|4740|25.63|1655596
TENB|XLK|f|614|29.43|22782590
TENX|XLV|f|1798|60848.98|1766658
TEO|XLC|f|5284|8.03|1954926
TER|XLK|f|5284|24.11|65682861
TEVA|XLV|f|5284|29.22|186197978
TEX|XLI|f|5284|24.13|41768103
TFC|XLF|f|5284|20.70|84881528
TFII|XLI|f|2789|14.29|543508
TFIN|XLF|f|1548|20.83|2928328
TFSL|XLF|f|3450|7.29|2580542
TFX|XLV|f|5284|99.32|26078291
TGB|XLB|f|5266|1.83|2342502
TGLS|XLB|f|1837|7.59|252647
TGNA|XLC|f|5284|12.91|39942680
TGS|XLE|f|5268|3.95|771448
TGT|XLP|f|5284|41.11|232458731
TH|XLI|f|602|5.98|1383554
THC|XLV|f|5284|44.77|59958276
THFF|XLF|f|5265|20.87|549876
THG|XLF|f|5284|42.30|11084712
THM|XLB|f|3569|2.11|523521
THO|XLY|f|5284|33.90|22254067
THR|XLI|f|2432|20.98|3122707
THRM|XLY|f|5235|19.23|5218027
THS|XLP|f|3915|52.08|23431256
TIGO|XLC|f|500|35.95|2043288
TIGR|XLF|f|452|5.21|9553042
TILE|XLY|f|5284|11.59|4640415
TIMB|XLC|f|5284|9.10|8836565
TIPT|XLF|f|3067|4.96|256087
TJX|XLY|f|5284|17.42|152739417
TK|XLE|f|5284|10.25|6018990
TKC|XLC|f|5149|5.45|3647712
TKO|XLC|f|5284|15.46|12098545
TKR|XLI|f|5284|21.73|19022604
TLK|XLC|f|5284|9.89|4331444
TLRY|XLV|f|619|384.11|188065933
TM|XLY|f|5284|66.30|24156024
TMDX|XLV|f|422|18.71|3235520
TME|XLC|f|518|13.63|104280866
TMHC|XLY|f|1948|20.43|20504141
TMO|XLV|f|5284|93.49|168654733
TMP|XLF|f|5256|30.99|943270
TMQ|XLB|f|2187|1.38|269098
TMUS|XLC|f|3452|39.97|155675884
TNC|XLI|f|5283|34.06|2880331
TNDM|XLV|f|1795|80.51|36439249
TNET|XLI|f|1705|38.38|15188324
TNL|XLY|f|3640|18.41|23069561
TOL|XLY|f|5284|24.04|72227007
TOWN|XLF|f|5070|12.19|1064192
TPB|XLP|f|1170|24.25|3227093
TPC|XLI|f|5271|18.25|6691101
TPH|XLY|f|1995|14.60|22690081
TPL|XLE|f|5271|14.87|2540525
TPR|XLY|f|5092|23.58|96071892
TR|XLP|f|5284|18.34|2763323
TREE|XLF|f|3120|108.62|23623392
TREX|XLI|f|5284|11.11|14010767
TRGP|XLE|f|2535|34.06|42211721
TRIP|XLY|f|2282|48.57|110411935
TRMB|XLK|f|5284|19.69|27932563
TRMD|XLE|f|479|3.77|120218
TRMK|XLF|f|5281|15.83|4583465
TRN|XLI|f|5284|9.12|23556072
TRNO|XLRE|f|2743|21.74|5631520
TRNS|XLI|f|4607|9.46|143626
TROW|XLF|f|5284|37.79|58578321
TROX|XLB|f|2517|11.33|11421968
TRP|XLE|f|5284|16.91|14277243
TRS|XLY|f|3431|18.46|4207737
TRST|XLF|f|5284|21.55|1163185
TRTX|XLRE|f|870|6.83|2483894
TRU|XLF|f|1391|54.82|65097112
TRUP|XLF|f|1627|25.29|8464076
TRV|XLF|f|5284|53.87|116065100
TRVI|XLV|f|417|4.60|289801
TRX|XLB|f|4314|2.70|1182395
TS|XLE|f|4543|19.68|39469084
TSAT|XLK|f|3865|26.26|1817038
TSCO|XLY|f|5284|6.84|50820078
TSEM|XLK|f|5281|46.18|4059278
TSLA|XLY|f|2647|20.28|2980669182
TSLX|XLF|f|1709|7.42|1840855
TSM|XLK|f|5284|15.02|138626157
TSN|XLP|f|5284|23.53|73801736
TT|XLI|f|5284|31.24|94630998
TTC|XLI|f|5284|21.69|14386376
TTD|XLC|f|1078|18.79|255056024
TTE|XLE|f|5284|16.97|34488241
TTEK|XLI|f|5284|5.62|10947723
TTI|XLI|f|5284|7.77|6330537
TTMI|XLK|f|5102|10.65|7364052
TTWO|XLC|f|5267|36.28|69618475
TU|XLC|f|5175|6.27|3775911
TV|XLC|f|5284|13.65|28739633
TVTX|XLV|f|2736|56.25|5508558
TW|XLF|f|441|48.47|44232221
TWI|XLI|f|5284|10.87|6312252
TWLO|XLK|f|1140|97.03|340449196
TWST|XLV|f|546|40.89|20240119
TX|XLB|f|3756|12.29|5044963
TXG|XLV|f|330|91.87|61366619
TXN|XLK|f|5284|35.99|280939665
TXNM|XLU|f|5284|16.38|9582119
TXRH|XLY|f|4090|24.33|19783341
TXT|XLI|f|5284|32.91|69487562
TYG|XLF|f|4244|40.58|1449899
TYL|XLK|f|5284|76.24|18903353
UA|XLY|f|1201|19.23|56855092
UAA|XLY|f|3805|16.47|69927214
UAL|XLI|f|3760|41.75|258613752
UAMY|XLB|f|4623|0.78|79621
UAN|XLB|f|2450|36.62|1057293
UBER|XLK|f|416|35.52|828610146
UBS|XLF|f|5190|12.48|26698339
UBSI|XLF|f|5284|16.91|5880453
UCTT|XLK|f|4222|10.35|4814764
UDR|XLRE|f|5284|15.11|24839775
UE|XLRE|f|1509|15.05|10842154
UEC|XLE|f|3744|2.16|1618808
UFCS|XLF|f|5272|19.39|1512178
UFPI|XLB|f|5284|15.64|5600106
UFPT|XLV|f|4911|15.90|482504
UGI|XLU|f|5284|15.55|14629422
UGP|XLE|f|5243|3.91|3634769
UHAL|XLI|f|5284|14.77|7991342
UHS|XLV|f|5284|56.83|51325484
UHT|XLRE|f|5284|22.24|1031871
UI|XLK|f|2319|63.22|26608253
UL|XLP|f|5284|24.99|24295601
ULTA|XLY|f|3320|137.74|136364666
UMBF|XLF|f|5284|34.45|6667901
UMC|XLK|f|5104|1.88|5115942
UMH|XLRE|f|5248|5.13|441824
UNF|XLI|f|5283|70.12|5303967
UNFI|XLP|f|5284|31.36|16245426
UNH|XLV|f|5284|74.43|354207295
UNIT|XLRE|f|1438|15.68|18156424
UNM|XLF|f|5284|17.30|35017185
UNP|XLI|f|5284|49.21|225244099
UNTY|XLF|f|4846|8.05|88903
UPBD|XLK|f|5284|14.36|11583694
UPS|XLI|f|5284|50.56|171379442
UPWK|XLC|f|566|16.31|25700177
URBN|XLY|f|5284|23.72|68865390
URG|XLE|f|3133|0.88|534487
URGN|XLV|f|923|34.25|4967020
URI|XLI|f|5284|52.61|79569679
USAC|XLE|f|2006|5.87|1127645
USAS|XLB|f|3915|20.34|287594
USB|XLF|f|5284|21.05|171185137
USFD|XLP|f|1159|30.20|63865712
USLM|XLB|f|4811|8.13|344589
USPH|XLV|f|5243|30.48|2345838
UTHR|XLV|f|5283|63.30|44286529
UTI|XLP|f|4290|12.48|2073732
UTL|XLU|f|5264|19.23|789385
UTZ|XLP|f|457|11.22|5631539
UUUU|XLE|f|3489|21.90|791648
UVE|XLF|f|4363|8.46|2510013
UVSP|XLF|f|5027|13.06|651213
UVV|XLP|f|5284|22.66|4724940
UXIN|XLY|f|634|301.11|9101985
V|XLF|f|3221|69.04|740851568
VAC|XLY|f|2302|64.07|20170479
VALE|XLB|f|4729|5.80|132580685
VC|XLY|f|2582|64.26|31003494
VCEL|XLV|f|5284|104.55|3677101
VCTR|XLF|f|730|12.76|1679466
VCYT|XLV|f|1806|14.38|5554373
VECO|XLK|f|5284|26.16|19594195
VEEV|XLV|f|1816|82.82|101971690
VEON|XLC|f|5284|120.89|17846201
VET|XLE|f|2587|22.30|3134333
VFC|XLY|f|5284|24.95|66131903
VIAV|XLK|f|5284|34.66|120625469
VICI|XLRE|f|804|14.88|59134479
VICR|XLK|f|5284|17.21|2546285
VIPS|XLY|f|2209|10.95|91425596
VIR|XLV|f|309|30.31|34052807
VIRT|XLF|f|1440|15.38|13434565
VISN|XLK|f|1809|12.21|22748875
VIST|XLE|f|363|4.37|853935
VIV|XLC|f|5283|6.29|6836616
VKTX|XLV|f|1431|5.40|10703970
VLGEA|XLP|f|4853|13.63|329678
VLO|XLE|f|5284|27.18|198404843
VLRS|XLI|f|1836|11.14|3964655
VLY|XLF|f|5284|6.28|7099803
VMC|XLB|f|5284|61.95|64948044
VMI|XLI|f|5284|75.18|13995940
VNET|XLK|f|2441|13.46|12095296
VNO|XLRE|f|5284|33.22|48556830
VNOM|XLE|f|1648|12.49|5258724
VOD|XLC|f|5284|11.60|42122185
VOYA|XLF|f|1932|37.61|61836306
VPG|XLK|f|2651|20.19|1134111
VRDN|XLV|f|1643|202.32|1170666
VRE|XLRE|f|5284|17.12|11486286
VREX|XLV|f|995|28.67|9748725
VRNS|XLK|f|1724|16.33|15623808
VRRM|XLK|f|845|11.30|9447221
VRSK|XLI|f|2829|76.71|63914444
VRSN|XLK|f|5284|61.48|126601548
VRT|XLI|f|600|11.75|17933206
VRTS|XLF|f|3021|77.95|5071537
VRTX|XLV|f|5283|71.68|123745338
VSAT|XLK|f|5284|39.99|12085050
VSEC|XLI|f|4918|17.85|739481
VSH|XLK|f|5281|11.67|17892811
VST|XLU|f|1067|17.62|67299842
VTLE|XLE|f|2276|255.84|30117513
VTOL|XLE|f|2002|30.10|1787744
VTR|XLRE|f|5284|26.57|48677329
VTRS|XLV|f|5284|20.09|102162377
VVV|XLY|f|1076|19.66|28411387
VVX|XLI|f|1586|31.92|3003851
VYX|XLK|f|5284|12.77|31869962
VZ|XLC|f|5284|20.15|287606318
VZLA|XLB|f|285|0.79|137776
W|XLY|f|1574|89.60|180508087
WAB|XLI|f|5284|36.95|33449987
WABC|XLF|f|5284|31.31|4805820
WAFD|XLF|f|5284|14.69|7343574
WAL|XLF|f|3904|23.53|12969738
WASH|XLF|f|5273|15.96|542218
WAT|XLV|f|5284|93.33|61702442
WB|XLC|f|1690|34.25|66230477
WBA|XLV|f|5284|31.35|170607341
WBD|XLC|f|3901|22.99|63744441
WBS|XLF|f|5284|23.00|11518925
WCC|XLI|f|5284|41.40|25881752
WCN|XLI|f|5284|25.03|24445020
WD|XLF|f|2529|25.67|4952244
WDAY|XLK|f|2068|112.92|203922683
WDC|XLK|f|5284|24.36|127855918
WDFC|XLB|f|5284|53.74|4498956
WDS|XLE|f|5079|11.95|208048
WEC|XLU|f|5284|25.02|40219495
WELL|XLRE|f|5284|28.53|55240489
WEN|XLY|f|5284|8.63|18309153
WERN|XLI|f|5284|15.97|12147682
WES|XLE|f|2031|16.69|6586020
WEX|XLK|f|3997|81.36|27270141
WF|XLF|f|4263|20.09|228955
WFC|XLF|f|5284|24.32|556018715
WFG|XLB|f|1380|41.24|187257
WGO|XLY|f|5284|19.51|9712020
WH|XLY|f|660|46.41|43933528
WHD|XLE|f|730|26.35|13230886
WHR|XLY|f|5284|63.38|67013294
WINA|XLY|f|4874|52.97|472938
WING|XLY|f|1400|51.67|27593355
WIT|XLK|f|5082|1.22|4170394
WIX|XLK|f|1801|80.16|51607906
WK|XLK|f|1524|29.33|7990612
WKC|XLE|f|5284|20.61|10905321
WLDN|XLI|f|3404|13.63|994587
WLFC|XLI|f|5119|15.97|232786
WLK|XLB|f|4128|34.74|27395795
WLKP|XLB|f|1619|11.45|892877
WLY|XLC|f|5284|27.99|5185899
WM|XLI|f|5284|35.36|79010842
WMB|XLE|f|5284|11.35|88686290
WMK|XLP|f|5284|27.51|1492684
WMS|XLI|f|1622|27.70|10178226
WMT|XLP|f|5284|17.14|517310713
WOR|XLI|f|5282|11.52|5592876
WPC|XLRE|f|5284|20.39|8993776
WPM|XLB|f|3901|18.33|87050925
WPP|XLC|f|5284|37.66|4676915
WRB|XLF|f|5284|9.14|20327747
WRK|XLY|f|5284|20.29|31846635
WRLD|XLF|f|5279|49.41|7148533
WRN|XLB|f|2480|0.99|104645
WSBC|XLF|f|5284|15.88|1545075
WSC|XLI|f|1076|13.15|9398714
WSFS|XLF|f|5284|18.54|2386192
WSM|XLY|f|5284|15.36|42977436
WSO|XLI|f|5284|54.67|13366753
WSR|XLRE|f|2606|6.78|1421680
WST|XLV|f|5284|42.99|17479910
WTFC|XLF|f|5282|35.82|10458685
WTM|XLF|f|5282|544.04|8364846
WTRG|XLU|f|5284|15.15|12842027
WTS|XLI|f|5284|37.76|7410282
WTTR|XLE|f|932|9.47|4567225
WTW|XLF|f|4920|86.56|44342497
WU|XLF|f|3596|10.43|59391390
WULF|XLF|f|3444|7.13|26732
WVE|XLV|f|1294|25.31|5798007
WWD|XLI|f|5284|34.67|12896410
WWW|XLY|f|5284|13.76|11109771
WY|XLRE|f|5284|13.98|62076351
WYNN|XLY|f|4578|76.17|182496915
XEL|XLU|f|5283|19.36|54054978
XENE|XLV|f|1550|9.18|1046458
XERS|XLV|f|638|10.22|4211230
XHR|XLRE|f|1489|13.93|9632916
XIFR|XLU|f|1641|27.38|9316244
XNCR|XLV|f|1783|24.47|7231810
XOM|XLE|f|5284|39.47|678095949
XP|XLF|f|267|33.69|53291236
XPO|XLI|f|4524|9.44|11760288
XPRO|XLE|f|1863|67.05|7480856
XRAY|XLV|f|5284|31.04|40449180
XYL|XLI|f|2320|45.10|49042844
XYZ|XLK|f|1288|56.62|630692511
YELP|XLC|f|2224|38.27|100170287
YETI|XLY|f|550|33.40|52514439
YEXT|XLK|f|937|16.23|14981301
YPF|XLE|f|5274|20.47|11565985
YUM|XLY|f|5284|34.70|129029082
YUMC|XLY|f|1059|37.60|99046423
Z|XLC|f|1365|44.06|107578461
ZBH|XLV|f|4891|72.35|109320695
ZBRA|XLK|f|5284|67.90|31220012
ZD|XLC|f|5284|29.81|14904063
ZION|XLF|f|5284|29.77|52010494
ZLAB|XLV|f|827|41.63|12703625
ZM|XLK|f|431|187.32|1681114628
ZS|XLK|f|705|70.37|176968328
ZTO|XLI|f|1052|17.34|47498238
ZTS|XLV|f|1994|65.81|176282120
ZVRA|XLV|f|1440|86.41|663881
ZWS|XLI|f|2205|11.25|15295245
ZYME|XLV|f|927|22.60|6928709
